day_number,routine_no,time,edges,predicted_mov,explanation
1,64,tensor([1020.]),"tensor([[[0., 0., 0.,  ..., 0., 0., 0.],
         [1., 0., 0.,  ..., 0., 0., 0.],
         [1., 0., 0.,  ..., 0., 0., 0.],
         ...,
         [0., 0., 0.,  ..., 0., 0., 0.],
         [0., 0., 0.,  ..., 0., 0., 0.],
         [0., 0., 0.,  ..., 0., 0., 0.]]])",chessboard from bookshelf to table,"Since cutting_board from kitchen_counter to table
Since food_cheese from fridge to cutting_board
"
1,64,tensor([1020.]),"tensor([[[0., 0., 0.,  ..., 0., 0., 0.],
         [1., 0., 0.,  ..., 0., 0., 0.],
         [1., 0., 0.,  ..., 0., 0., 0.],
         ...,
         [0., 0., 0.,  ..., 0., 0., 0.],
         [0., 0., 0.,  ..., 0., 0., 0.],
         [0., 0., 0.,  ..., 0., 0., 0.]]])",deck_of_cards from bookshelf to table,"Since cutting_board from kitchen_counter to table
Since food_cheese from fridge to cutting_board
"
1,64,tensor([1020.]),"tensor([[[0., 0., 0.,  ..., 0., 0., 0.],
         [1., 0., 0.,  ..., 0., 0., 0.],
         [1., 0., 0.,  ..., 0., 0., 0.],
         ...,
         [0., 0., 0.,  ..., 0., 0., 0.],
         [0., 0., 0.,  ..., 0., 0., 0.],
         [0., 0., 0.,  ..., 0., 0., 0.]]])",wine_glass from cupboard to table,"Since cutting_board from kitchen_counter to table
Since food_cheese from fridge to cutting_board
"
1,78,tensor([1160.]),"tensor([[[0., 0., 0.,  ..., 0., 0., 0.],
         [1., 0., 0.,  ..., 0., 0., 0.],
         [1., 0., 0.,  ..., 0., 0., 0.],
         ...,
         [0., 0., 0.,  ..., 0., 0., 0.],
         [0., 0., 0.,  ..., 0., 0., 0.],
         [0., 0., 0.,  ..., 0., 0., 0.]]])",wine_glass from table to sink,"Since wine_glass from cupboard to table
"
1,79,tensor([1170.]),"tensor([[[0., 0., 0.,  ..., 0., 0., 0.],
         [1., 0., 0.,  ..., 0., 0., 0.],
         [1., 0., 0.,  ..., 0., 0., 0.],
         ...,
         [0., 0., 0.,  ..., 0., 0., 0.],
         [0., 0., 0.,  ..., 0., 0., 0.],
         [0., 0., 0.,  ..., 0., 0., 0.]]])",chessboard from table to bookshelf,"Since chessboard from bookshelf to table
Since wine_glass from table to sink
"
1,79,tensor([1170.]),"tensor([[[0., 0., 0.,  ..., 0., 0., 0.],
         [1., 0., 0.,  ..., 0., 0., 0.],
         [1., 0., 0.,  ..., 0., 0., 0.],
         ...,
         [0., 0., 0.,  ..., 0., 0., 0.],
         [0., 0., 0.,  ..., 0., 0., 0.],
         [0., 0., 0.,  ..., 0., 0., 0.]]])",deck_of_cards from table to bookshelf,"Since deck_of_cards from bookshelf to table
Since wine_glass from table to sink
"
1,82,tensor([1200.]),"tensor([[[0., 0., 0.,  ..., 0., 0., 0.],
         [1., 0., 0.,  ..., 0., 0., 0.],
         [1., 0., 0.,  ..., 0., 0., 0.],
         ...,
         [0., 0., 0.,  ..., 0., 0., 0.],
         [0., 0., 0.,  ..., 0., 0., 0.],
         [0., 0., 0.,  ..., 0., 0., 0.]]])",food_rice from cupboard to kitchen_counter,"Since plate from cupboard to kitchen_counter
"
1,82,tensor([1200.]),"tensor([[[0., 0., 0.,  ..., 0., 0., 0.],
         [1., 0., 0.,  ..., 0., 0., 0.],
         [1., 0., 0.,  ..., 0., 0., 0.],
         ...,
         [0., 0., 0.,  ..., 0., 0., 0.],
         [0., 0., 0.,  ..., 0., 0., 0.],
         [0., 0., 0.,  ..., 0., 0., 0.]]])",food_vegetable from fridge to cookingpot,"Since painkillers from kitchen_counter to bathroom_cabinet
Since drinking_glass from desk to cupboard
Since wine_glass from sink to cupboard
Since food_donut from kitchen_counter to trashbag
Since cookingpot from cupboard to kitchen_counter
"
1,82,tensor([1200.]),"tensor([[[0., 0., 0.,  ..., 0., 0., 0.],
         [1., 0., 0.,  ..., 0., 0., 0.],
         [1., 0., 0.,  ..., 0., 0., 0.],
         ...,
         [0., 0., 0.,  ..., 0., 0., 0.],
         [0., 0., 0.,  ..., 0., 0., 0.],
         [0., 0., 0.,  ..., 0., 0., 0.]]])",oil from kitchen_counter to cookingpot,"Since oil from cupboard to kitchen_counter
"
1,83,tensor([1210.]),"tensor([[[0., 0., 0.,  ..., 0., 0., 0.],
         [1., 0., 0.,  ..., 0., 0., 0.],
         [1., 0., 0.,  ..., 0., 0., 0.],
         ...,
         [0., 0., 0.,  ..., 0., 0., 0.],
         [0., 0., 0.,  ..., 0., 0., 0.],
         [0., 0., 0.,  ..., 0., 0., 0.]]])",cookingpot from kitchen_counter to stove,"Since cookingpot from cupboard to kitchen_counter
Since oil from kitchen_counter to cookingpot
"
1,83,tensor([1210.]),"tensor([[[0., 0., 0.,  ..., 0., 0., 0.],
         [1., 0., 0.,  ..., 0., 0., 0.],
         [1., 0., 0.,  ..., 0., 0., 0.],
         ...,
         [0., 0., 0.,  ..., 0., 0., 0.],
         [0., 0., 0.,  ..., 0., 0., 0.],
         [0., 0., 0.,  ..., 0., 0., 0.]]])",food_rice from kitchen_counter to cookingpot,"Since food_rice from cupboard to kitchen_counter
"
1,83,tensor([1210.]),"tensor([[[0., 0., 0.,  ..., 0., 0., 0.],
         [1., 0., 0.,  ..., 0., 0., 0.],
         [1., 0., 0.,  ..., 0., 0., 0.],
         ...,
         [0., 0., 0.,  ..., 0., 0., 0.],
         [0., 0., 0.,  ..., 0., 0., 0.],
         [0., 0., 0.,  ..., 0., 0., 0.]]])",food_vegetable from kitchen_counter to cookingpot,
1,84,tensor([1220.]),"tensor([[[0., 0., 0.,  ..., 0., 0., 0.],
         [1., 0., 0.,  ..., 0., 0., 0.],
         [1., 0., 0.,  ..., 0., 0., 0.],
         ...,
         [0., 0., 0.,  ..., 0., 0., 0.],
         [0., 0., 0.,  ..., 0., 0., 0.],
         [0., 0., 0.,  ..., 0., 0., 0.]]])",cookingpot from stove to table,"Since cutting_board from kitchen_counter to table
Since plate from cupboard to kitchen_counter
"
1,84,tensor([1220.]),"tensor([[[0., 0., 0.,  ..., 0., 0., 0.],
         [1., 0., 0.,  ..., 0., 0., 0.],
         [1., 0., 0.,  ..., 0., 0., 0.],
         ...,
         [0., 0., 0.,  ..., 0., 0., 0.],
         [0., 0., 0.,  ..., 0., 0., 0.],
         [0., 0., 0.,  ..., 0., 0., 0.]]])",plate from kitchen_counter to table,"Since cutting_board from kitchen_counter to table
Since plate from cupboard to kitchen_counter
Since food_vegetable from kitchen_counter to cookingpot
"
1,84,tensor([1220.]),"tensor([[[0., 0., 0.,  ..., 0., 0., 0.],
         [1., 0., 0.,  ..., 0., 0., 0.],
         [1., 0., 0.,  ..., 0., 0., 0.],
         ...,
         [0., 0., 0.,  ..., 0., 0., 0.],
         [0., 0., 0.,  ..., 0., 0., 0.],
         [0., 0., 0.,  ..., 0., 0., 0.]]])",spoon from cupboard to plate,"Since plate from cupboard to kitchen_counter
Since food_vegetable from kitchen_counter to cookingpot
"
1,85,tensor([1230.]),"tensor([[[0., 0., 0.,  ..., 0., 0., 0.],
         [1., 0., 0.,  ..., 0., 0., 0.],
         [1., 0., 0.,  ..., 0., 0., 0.],
         ...,
         [0., 0., 0.,  ..., 0., 0., 0.],
         [0., 0., 0.,  ..., 0., 0., 0.],
         [0., 0., 0.,  ..., 0., 0., 0.]]])",plate from table to sink,"Since cutting_board from kitchen_counter to table
Since wine_glass from sink to cupboard
Since spoon from cupboard to plate
"
1,86,tensor([1240.]),"tensor([[[0., 0., 0.,  ..., 0., 0., 0.],
         [1., 0., 0.,  ..., 0., 0., 0.],
         [1., 0., 0.,  ..., 0., 0., 0.],
         ...,
         [0., 0., 0.,  ..., 0., 0., 0.],
         [0., 0., 0.,  ..., 0., 0., 0.],
         [0., 0., 0.,  ..., 0., 0., 0.]]])",cookingpot from table to sink,"Since wine_glass from sink to cupboard
Since plate from table to sink
"
1,86,tensor([1240.]),"tensor([[[0., 0., 0.,  ..., 0., 0., 0.],
         [1., 0., 0.,  ..., 0., 0., 0.],
         [1., 0., 0.,  ..., 0., 0., 0.],
         ...,
         [0., 0., 0.,  ..., 0., 0., 0.],
         [0., 0., 0.,  ..., 0., 0., 0.],
         [0., 0., 0.,  ..., 0., 0., 0.]]])",spoon from plate to sink,"Since plate from table to sink
Since spoon from cupboard to plate
"
1,91,tensor([1290.]),"tensor([[[0., 0., 0.,  ..., 0., 0., 0.],
         [1., 0., 0.,  ..., 0., 0., 0.],
         [1., 0., 0.,  ..., 0., 0., 0.],
         ...,
         [0., 0., 0.,  ..., 0., 0., 0.],
         [0., 0., 0.,  ..., 0., 0., 0.],
         [0., 0., 0.,  ..., 0., 0., 0.]]])",cookingpot from sink to cupboard,"Since wine_glass from sink to cupboard
Since plate from sink to cupboard
"
1,91,tensor([1290.]),"tensor([[[0., 0., 0.,  ..., 0., 0., 0.],
         [1., 0., 0.,  ..., 0., 0., 0.],
         [1., 0., 0.,  ..., 0., 0., 0.],
         ...,
         [0., 0., 0.,  ..., 0., 0., 0.],
         [0., 0., 0.,  ..., 0., 0., 0.],
         [0., 0., 0.,  ..., 0., 0., 0.]]])",spoon from sink to cupboard,"Since plate from sink to cupboard
Since spoon from plate to sink
"
1,101,tensor([1390.]),"tensor([[[0., 0., 0.,  ..., 0., 0., 0.],
         [1., 0., 0.,  ..., 0., 0., 0.],
         [1., 0., 0.,  ..., 0., 0., 0.],
         ...,
         [0., 0., 0.,  ..., 0., 0., 0.],
         [0., 0., 0.,  ..., 0., 0., 0.],
         [0., 0., 0.,  ..., 0., 0., 0.]]])",remote_control from sofa to tvstand,
9,0,tensor([390.]),"tensor([[[0., 0., 0.,  ..., 0., 0., 0.],
         [1., 0., 0.,  ..., 0., 0., 0.],
         [1., 0., 0.,  ..., 0., 0., 0.],
         ...,
         [0., 0., 0.,  ..., 0., 0., 0.],
         [0., 0., 0.,  ..., 0., 0., 0.],
         [0., 0., 0.,  ..., 0., 0., 0.]]])",hairbrush from bathroom_cabinet to bathroom_counter,
9,27,tensor([660.]),"tensor([[[0., 0., 0.,  ..., 0., 0., 0.],
         [1., 0., 0.,  ..., 0., 0., 0.],
         [1., 0., 0.,  ..., 0., 0., 0.],
         ...,
         [0., 0., 0.,  ..., 0., 0., 0.],
         [0., 0., 0.,  ..., 0., 0., 0.],
         [0., 0., 0.,  ..., 0., 0., 0.]]])",drinking_glass from desk to cupboard,"Since bag from dresser to desk
Since headset from table to desk
"
9,37,tensor([760.]),"tensor([[[0., 0., 0.,  ..., 0., 0., 0.],
         [1., 0., 0.,  ..., 0., 0., 0.],
         [1., 0., 0.,  ..., 0., 0., 0.],
         ...,
         [0., 0., 0.,  ..., 0., 0., 0.],
         [0., 0., 0.,  ..., 0., 0., 0.],
         [0., 0., 0.,  ..., 0., 0., 0.]]])",chessboard from bookshelf to table,"Since cutting_board from kitchen_counter to table
"
9,37,tensor([760.]),"tensor([[[0., 0., 0.,  ..., 0., 0., 0.],
         [1., 0., 0.,  ..., 0., 0., 0.],
         [1., 0., 0.,  ..., 0., 0., 0.],
         ...,
         [0., 0., 0.,  ..., 0., 0., 0.],
         [0., 0., 0.,  ..., 0., 0., 0.],
         [0., 0., 0.,  ..., 0., 0., 0.]]])",deck_of_cards from bookshelf to table,"Since cutting_board from kitchen_counter to table
"
9,46,tensor([850.]),"tensor([[[0., 0., 0.,  ..., 0., 0., 0.],
         [1., 0., 0.,  ..., 0., 0., 0.],
         [1., 0., 0.,  ..., 0., 0., 0.],
         ...,
         [0., 0., 0.,  ..., 0., 0., 0.],
         [0., 0., 0.,  ..., 0., 0., 0.],
         [0., 0., 0.,  ..., 0., 0., 0.]]])",food_donut from kitchen_counter to trashbag,"Since cutting_board from kitchen_counter to table
Since wine_glass from table to sink
"
9,81,tensor([1200.]),"tensor([[[0., 0., 0.,  ..., 0., 0., 0.],
         [1., 0., 0.,  ..., 0., 0., 0.],
         [1., 0., 0.,  ..., 0., 0., 0.],
         ...,
         [0., 0., 0.,  ..., 0., 0., 0.],
         [0., 0., 0.,  ..., 0., 0., 0.],
         [0., 0., 0.,  ..., 0., 0., 0.]]])",chessboard from table to bookshelf,"Since wine_glass from table to sink
Since deck_of_cards from bookshelf to table
"
9,81,tensor([1200.]),"tensor([[[0., 0., 0.,  ..., 0., 0., 0.],
         [1., 0., 0.,  ..., 0., 0., 0.],
         [1., 0., 0.,  ..., 0., 0., 0.],
         ...,
         [0., 0., 0.,  ..., 0., 0., 0.],
         [0., 0., 0.,  ..., 0., 0., 0.],
         [0., 0., 0.,  ..., 0., 0., 0.]]])",deck_of_cards from table to bookshelf,"Since wine_glass from table to sink
Since chessboard from bookshelf to table
"
9,81,tensor([1200.]),"tensor([[[0., 0., 0.,  ..., 0., 0., 0.],
         [1., 0., 0.,  ..., 0., 0., 0.],
         [1., 0., 0.,  ..., 0., 0., 0.],
         ...,
         [0., 0., 0.,  ..., 0., 0., 0.],
         [0., 0., 0.,  ..., 0., 0., 0.],
         [0., 0., 0.,  ..., 0., 0., 0.]]])",wine from table to kitchen_counter,"Since wine_glass from table to sink
Since chessboard from bookshelf to table
Since deck_of_cards from bookshelf to table
"
9,83,tensor([1220.]),"tensor([[[0., 0., 0.,  ..., 0., 0., 0.],
         [1., 0., 0.,  ..., 0., 0., 0.],
         [1., 0., 0.,  ..., 0., 0., 0.],
         ...,
         [0., 0., 0.,  ..., 0., 0., 0.],
         [0., 0., 0.,  ..., 0., 0., 0.],
         [0., 0., 0.,  ..., 0., 0., 0.]]])",food_cheese from cutting_board to fridge,"Since cutting_board from kitchen_counter to table
Since chessboard from table to bookshelf
Since deck_of_cards from table to bookshelf
"
9,93,tensor([1320.]),"tensor([[[0., 0., 0.,  ..., 0., 0., 0.],
         [1., 0., 0.,  ..., 0., 0., 0.],
         [1., 0., 0.,  ..., 0., 0., 0.],
         ...,
         [0., 0., 0.,  ..., 0., 0., 0.],
         [0., 0., 0.,  ..., 0., 0., 0.],
         [0., 0., 0.,  ..., 0., 0., 0.]]])",oil from cupboard to kitchen_counter,"Since drinking_glass from desk to cupboard
Since painkillers from kitchen_counter to bathroom_cabinet
Since headset from table to desk
Since food_donut from kitchen_counter to trashbag
"
9,94,tensor([1330.]),"tensor([[[0., 0., 0.,  ..., 0., 0., 0.],
         [1., 0., 0.,  ..., 0., 0., 0.],
         [1., 0., 0.,  ..., 0., 0., 0.],
         ...,
         [0., 0., 0.,  ..., 0., 0., 0.],
         [0., 0., 0.,  ..., 0., 0., 0.],
         [0., 0., 0.,  ..., 0., 0., 0.]]])",plate from cupboard to kitchen_counter,"Since drinking_glass from desk to cupboard
Since painkillers from kitchen_counter to bathroom_cabinet
Since headset from table to desk
Since cutting_board from kitchen_counter to table
Since wine_glass from sink to cupboard
Since deck_of_cards from table to bookshelf
Since food_donut from kitchen_counter to trashbag
"
9,97,tensor([1360.]),"tensor([[[0., 0., 0.,  ..., 0., 0., 0.],
         [1., 0., 0.,  ..., 0., 0., 0.],
         [1., 0., 0.,  ..., 0., 0., 0.],
         ...,
         [0., 0., 0.,  ..., 0., 0., 0.],
         [0., 0., 0.,  ..., 0., 0., 0.],
         [0., 0., 0.,  ..., 0., 0., 0.]]])",plate from cupboard to kitchen_counter,"Since drinking_glass from desk to cupboard
Since headset from table to desk
Since wine_glass from sink to cupboard
Since deck_of_cards from table to bookshelf
Since food_donut from kitchen_counter to trashbag
"
9,98,tensor([1370.]),"tensor([[[0., 0., 0.,  ..., 0., 0., 0.],
         [1., 0., 0.,  ..., 0., 0., 0.],
         [1., 0., 0.,  ..., 0., 0., 0.],
         ...,
         [0., 0., 0.,  ..., 0., 0., 0.],
         [0., 0., 0.,  ..., 0., 0., 0.],
         [0., 0., 0.,  ..., 0., 0., 0.]]])",plate from cupboard to kitchen_counter,"Since towel from bathroom_counter to towel_rack
Since drinking_glass from desk to cupboard
Since bag from desk to dresser
Since headset from table to desk
Since food_cheese from cutting_board to fridge
Since wine_glass from sink to cupboard
Since chessboard from table to bookshelf
Since deck_of_cards from table to bookshelf
Since food_donut from kitchen_counter to trashbag
Since toothbrush from bathroom_counter to bathroom_cabinet
"
9,99,tensor([1380.]),"tensor([[[0., 0., 0.,  ..., 0., 0., 0.],
         [1., 0., 0.,  ..., 0., 0., 0.],
         [1., 0., 0.,  ..., 0., 0., 0.],
         ...,
         [0., 0., 0.,  ..., 0., 0., 0.],
         [0., 0., 0.,  ..., 0., 0., 0.],
         [0., 0., 0.,  ..., 0., 0., 0.]]])",cookingpot from cupboard to kitchen_counter,"Since drinking_glass from desk to cupboard
Since deck_of_cards from table to bookshelf
Since food_donut from kitchen_counter to trashbag
Since wine from table to kitchen_counter
"
9,99,tensor([1380.]),"tensor([[[0., 0., 0.,  ..., 0., 0., 0.],
         [1., 0., 0.,  ..., 0., 0., 0.],
         [1., 0., 0.,  ..., 0., 0., 0.],
         ...,
         [0., 0., 0.,  ..., 0., 0., 0.],
         [0., 0., 0.,  ..., 0., 0., 0.],
         [0., 0., 0.,  ..., 0., 0., 0.]]])",oil from cupboard to kitchen_counter,"Since drinking_glass from desk to cupboard
Since food_donut from kitchen_counter to trashbag
"
9,99,tensor([1380.]),"tensor([[[0., 0., 0.,  ..., 0., 0., 0.],
         [1., 0., 0.,  ..., 0., 0., 0.],
         [1., 0., 0.,  ..., 0., 0., 0.],
         ...,
         [0., 0., 0.,  ..., 0., 0., 0.],
         [0., 0., 0.,  ..., 0., 0., 0.],
         [0., 0., 0.,  ..., 0., 0., 0.]]])",plate from cupboard to kitchen_counter,"Since drinking_glass from desk to cupboard
Since food_donut from kitchen_counter to trashbag
"
9,100,tensor([1390.]),"tensor([[[0., 0., 0.,  ..., 0., 0., 0.],
         [1., 0., 0.,  ..., 0., 0., 0.],
         [1., 0., 0.,  ..., 0., 0., 0.],
         ...,
         [0., 0., 0.,  ..., 0., 0., 0.],
         [0., 0., 0.,  ..., 0., 0., 0.],
         [0., 0., 0.,  ..., 0., 0., 0.]]])",cookingpot from cupboard to kitchen_counter,"Since drinking_glass from desk to cupboard
Since food_donut from kitchen_counter to trashbag
"
9,100,tensor([1390.]),"tensor([[[0., 0., 0.,  ..., 0., 0., 0.],
         [1., 0., 0.,  ..., 0., 0., 0.],
         [1., 0., 0.,  ..., 0., 0., 0.],
         ...,
         [0., 0., 0.,  ..., 0., 0., 0.],
         [0., 0., 0.,  ..., 0., 0., 0.],
         [0., 0., 0.,  ..., 0., 0., 0.]]])",oil from cupboard to kitchen_counter,"Since drinking_glass from desk to cupboard
Since food_donut from kitchen_counter to trashbag
"
9,100,tensor([1390.]),"tensor([[[0., 0., 0.,  ..., 0., 0., 0.],
         [1., 0., 0.,  ..., 0., 0., 0.],
         [1., 0., 0.,  ..., 0., 0., 0.],
         ...,
         [0., 0., 0.,  ..., 0., 0., 0.],
         [0., 0., 0.,  ..., 0., 0., 0.],
         [0., 0., 0.,  ..., 0., 0., 0.]]])",plate from cupboard to kitchen_counter,"Since drinking_glass from desk to cupboard
Since food_donut from kitchen_counter to trashbag
"
9,101,tensor([1400.]),"tensor([[[0., 0., 0.,  ..., 0., 0., 0.],
         [1., 0., 0.,  ..., 0., 0., 0.],
         [1., 0., 0.,  ..., 0., 0., 0.],
         ...,
         [0., 0., 0.,  ..., 0., 0., 0.],
         [0., 0., 0.,  ..., 0., 0., 0.],
         [0., 0., 0.,  ..., 0., 0., 0.]]])",cookingpot from cupboard to kitchen_counter,"Since drinking_glass from desk to cupboard
Since food_donut from kitchen_counter to trashbag
"
9,101,tensor([1400.]),"tensor([[[0., 0., 0.,  ..., 0., 0., 0.],
         [1., 0., 0.,  ..., 0., 0., 0.],
         [1., 0., 0.,  ..., 0., 0., 0.],
         ...,
         [0., 0., 0.,  ..., 0., 0., 0.],
         [0., 0., 0.,  ..., 0., 0., 0.],
         [0., 0., 0.,  ..., 0., 0., 0.]]])",oil from cupboard to kitchen_counter,"Since drinking_glass from desk to cupboard
Since food_donut from kitchen_counter to trashbag
"
9,101,tensor([1400.]),"tensor([[[0., 0., 0.,  ..., 0., 0., 0.],
         [1., 0., 0.,  ..., 0., 0., 0.],
         [1., 0., 0.,  ..., 0., 0., 0.],
         ...,
         [0., 0., 0.,  ..., 0., 0., 0.],
         [0., 0., 0.,  ..., 0., 0., 0.],
         [0., 0., 0.,  ..., 0., 0., 0.]]])",plate from cupboard to kitchen_counter,"Since drinking_glass from desk to cupboard
Since food_donut from kitchen_counter to trashbag
"
9,102,tensor([1410.]),"tensor([[[0., 0., 0.,  ..., 0., 0., 0.],
         [1., 0., 0.,  ..., 0., 0., 0.],
         [1., 0., 0.,  ..., 0., 0., 0.],
         ...,
         [0., 0., 0.,  ..., 0., 0., 0.],
         [0., 0., 0.,  ..., 0., 0., 0.],
         [0., 0., 0.,  ..., 0., 0., 0.]]])",cookingpot from cupboard to kitchen_counter,"Since drinking_glass from desk to cupboard
Since food_donut from kitchen_counter to trashbag
"
9,102,tensor([1410.]),"tensor([[[0., 0., 0.,  ..., 0., 0., 0.],
         [1., 0., 0.,  ..., 0., 0., 0.],
         [1., 0., 0.,  ..., 0., 0., 0.],
         ...,
         [0., 0., 0.,  ..., 0., 0., 0.],
         [0., 0., 0.,  ..., 0., 0., 0.],
         [0., 0., 0.,  ..., 0., 0., 0.]]])",oil from cupboard to kitchen_counter,"Since drinking_glass from desk to cupboard
Since food_donut from kitchen_counter to trashbag
"
9,102,tensor([1410.]),"tensor([[[0., 0., 0.,  ..., 0., 0., 0.],
         [1., 0., 0.,  ..., 0., 0., 0.],
         [1., 0., 0.,  ..., 0., 0., 0.],
         ...,
         [0., 0., 0.,  ..., 0., 0., 0.],
         [0., 0., 0.,  ..., 0., 0., 0.],
         [0., 0., 0.,  ..., 0., 0., 0.]]])",plate from cupboard to kitchen_counter,"Since drinking_glass from desk to cupboard
Since food_donut from kitchen_counter to trashbag
"
3,22,tensor([600.]),"tensor([[[0., 0., 0.,  ..., 0., 0., 0.],
         [1., 0., 0.,  ..., 0., 0., 0.],
         [1., 0., 0.,  ..., 0., 0., 0.],
         ...,
         [0., 0., 0.,  ..., 0., 0., 0.],
         [0., 0., 0.,  ..., 0., 0., 0.],
         [0., 0., 0.,  ..., 0., 0., 0.]]])",spoon from cupboard to bowl,"Since bowl from cupboard to table
"
3,23,tensor([610.]),"tensor([[[0., 0., 0.,  ..., 0., 0., 0.],
         [1., 0., 0.,  ..., 0., 0., 0.],
         [1., 0., 0.,  ..., 0., 0., 0.],
         ...,
         [0., 0., 0.,  ..., 0., 0., 0.],
         [0., 0., 0.,  ..., 0., 0., 0.],
         [0., 0., 0.,  ..., 0., 0., 0.]]])",spoon from cupboard to bowl,"Since drinking_glass from desk to cupboard
Since bowl from cupboard to table
"
3,23,tensor([610.]),"tensor([[[0., 0., 0.,  ..., 0., 0., 0.],
         [1., 0., 0.,  ..., 0., 0., 0.],
         [1., 0., 0.,  ..., 0., 0., 0.],
         ...,
         [0., 0., 0.,  ..., 0., 0., 0.],
         [0., 0., 0.,  ..., 0., 0., 0.],
         [0., 0., 0.,  ..., 0., 0., 0.]]])",food_cereal from table to cupboard,
3,25,tensor([630.]),"tensor([[[0., 0., 0.,  ..., 0., 0., 0.],
         [1., 0., 0.,  ..., 0., 0., 0.],
         [1., 0., 0.,  ..., 0., 0., 0.],
         ...,
         [0., 0., 0.,  ..., 0., 0., 0.],
         [0., 0., 0.,  ..., 0., 0., 0.],
         [0., 0., 0.,  ..., 0., 0., 0.]]])",spoon from bowl to sink,"Since bowl from cupboard to table
Since spoon from cupboard to bowl
"
3,25,tensor([630.]),"tensor([[[0., 0., 0.,  ..., 0., 0., 0.],
         [1., 0., 0.,  ..., 0., 0., 0.],
         [1., 0., 0.,  ..., 0., 0., 0.],
         ...,
         [0., 0., 0.,  ..., 0., 0., 0.],
         [0., 0., 0.,  ..., 0., 0., 0.],
         [0., 0., 0.,  ..., 0., 0., 0.]]])",bowl from table to cupboard,"Since spoon from cupboard to bowl
"
3,27,tensor([650.]),"tensor([[[0., 0., 0.,  ..., 0., 0., 0.],
         [1., 0., 0.,  ..., 0., 0., 0.],
         [1., 0., 0.,  ..., 0., 0., 0.],
         ...,
         [0., 0., 0.,  ..., 0., 0., 0.],
         [0., 0., 0.,  ..., 0., 0., 0.],
         [0., 0., 0.,  ..., 0., 0., 0.]]])",spoon from sink to cupboard,
3,28,tensor([660.]),"tensor([[[0., 0., 0.,  ..., 0., 0., 0.],
         [1., 0., 0.,  ..., 0., 0., 0.],
         [1., 0., 0.,  ..., 0., 0., 0.],
         ...,
         [0., 0., 0.,  ..., 0., 0., 0.],
         [0., 0., 0.,  ..., 0., 0., 0.],
         [0., 0., 0.,  ..., 0., 0., 0.]]])",spoon from sink to cupboard,"Since food_cereal from table to cupboard
"
3,30,tensor([680.]),"tensor([[[0., 0., 0.,  ..., 0., 0., 0.],
         [1., 0., 0.,  ..., 0., 0., 0.],
         [1., 0., 0.,  ..., 0., 0., 0.],
         ...,
         [0., 0., 0.,  ..., 0., 0., 0.],
         [0., 0., 0.,  ..., 0., 0., 0.],
         [0., 0., 0.,  ..., 0., 0., 0.]]])",spoon from sink to cupboard,"Since spoon from bowl to sink
"
3,38,tensor([760.]),"tensor([[[0., 0., 0.,  ..., 0., 0., 0.],
         [1., 0., 0.,  ..., 0., 0., 0.],
         [1., 0., 0.,  ..., 0., 0., 0.],
         ...,
         [0., 0., 0.,  ..., 0., 0., 0.],
         [0., 0., 0.,  ..., 0., 0., 0.],
         [0., 0., 0.,  ..., 0., 0., 0.]]])",chessboard from bookshelf to table,"Since cutting_board from kitchen_counter to table
"
3,38,tensor([760.]),"tensor([[[0., 0., 0.,  ..., 0., 0., 0.],
         [1., 0., 0.,  ..., 0., 0., 0.],
         [1., 0., 0.,  ..., 0., 0., 0.],
         ...,
         [0., 0., 0.,  ..., 0., 0., 0.],
         [0., 0., 0.,  ..., 0., 0., 0.],
         [0., 0., 0.,  ..., 0., 0., 0.]]])",deck_of_cards from bookshelf to table,"Since cutting_board from kitchen_counter to table
"
3,38,tensor([760.]),"tensor([[[0., 0., 0.,  ..., 0., 0., 0.],
         [1., 0., 0.,  ..., 0., 0., 0.],
         [1., 0., 0.,  ..., 0., 0., 0.],
         ...,
         [0., 0., 0.,  ..., 0., 0., 0.],
         [0., 0., 0.,  ..., 0., 0., 0.],
         [0., 0., 0.,  ..., 0., 0., 0.]]])",wine_glass from cupboard to table,"Since cutting_board from kitchen_counter to table
"
3,51,tensor([890.]),"tensor([[[0., 0., 0.,  ..., 0., 0., 0.],
         [1., 0., 0.,  ..., 0., 0., 0.],
         [1., 0., 0.,  ..., 0., 0., 0.],
         ...,
         [0., 0., 0.,  ..., 0., 0., 0.],
         [0., 0., 0.,  ..., 0., 0., 0.],
         [0., 0., 0.,  ..., 0., 0., 0.]]])",chessboard from table to bookshelf,"Since bowl from table to cupboard
Since food_cereal from table to cupboard
Since chessboard from bookshelf to table
Since wine_glass from table to sink
"
3,51,tensor([890.]),"tensor([[[0., 0., 0.,  ..., 0., 0., 0.],
         [1., 0., 0.,  ..., 0., 0., 0.],
         [1., 0., 0.,  ..., 0., 0., 0.],
         ...,
         [0., 0., 0.,  ..., 0., 0., 0.],
         [0., 0., 0.,  ..., 0., 0., 0.],
         [0., 0., 0.,  ..., 0., 0., 0.]]])",deck_of_cards from table to bookshelf,"Since bowl from table to cupboard
Since food_cereal from table to cupboard
Since deck_of_cards from bookshelf to table
Since wine_glass from table to sink
"
3,51,tensor([890.]),"tensor([[[0., 0., 0.,  ..., 0., 0., 0.],
         [1., 0., 0.,  ..., 0., 0., 0.],
         [1., 0., 0.,  ..., 0., 0., 0.],
         ...,
         [0., 0., 0.,  ..., 0., 0., 0.],
         [0., 0., 0.,  ..., 0., 0., 0.],
         [0., 0., 0.,  ..., 0., 0., 0.]]])",wine from table to kitchen_counter,"Since wine_glass from table to sink
Since food_donut from kitchen_counter to trashbag
"
3,84,tensor([1220.]),"tensor([[[0., 0., 0.,  ..., 0., 0., 0.],
         [1., 0., 0.,  ..., 0., 0., 0.],
         [1., 0., 0.,  ..., 0., 0., 0.],
         ...,
         [0., 0., 0.,  ..., 0., 0., 0.],
         [0., 0., 0.,  ..., 0., 0., 0.],
         [0., 0., 0.,  ..., 0., 0., 0.]]])",remote_control from sofa to tvstand,
3,91,tensor([1290.]),"tensor([[[0., 0., 0.,  ..., 0., 0., 0.],
         [1., 0., 0.,  ..., 0., 0., 0.],
         [1., 0., 0.,  ..., 0., 0., 0.],
         ...,
         [0., 0., 0.,  ..., 0., 0., 0.],
         [0., 0., 0.,  ..., 0., 0., 0.],
         [0., 0., 0.,  ..., 0., 0., 0.]]])",food_rice from cupboard to kitchen_counter,"Since plate from cupboard to kitchen_counter
"
3,91,tensor([1290.]),"tensor([[[0., 0., 0.,  ..., 0., 0., 0.],
         [1., 0., 0.,  ..., 0., 0., 0.],
         [1., 0., 0.,  ..., 0., 0., 0.],
         ...,
         [0., 0., 0.,  ..., 0., 0., 0.],
         [0., 0., 0.,  ..., 0., 0., 0.],
         [0., 0., 0.,  ..., 0., 0., 0.]]])",food_vegetable from fridge to kitchen_counter,"Since wine from table to kitchen_counter
Since oil from cupboard to kitchen_counter
Since plate from cupboard to kitchen_counter
"
3,91,tensor([1290.]),"tensor([[[0., 0., 0.,  ..., 0., 0., 0.],
         [1., 0., 0.,  ..., 0., 0., 0.],
         [1., 0., 0.,  ..., 0., 0., 0.],
         ...,
         [0., 0., 0.,  ..., 0., 0., 0.],
         [0., 0., 0.,  ..., 0., 0., 0.],
         [0., 0., 0.,  ..., 0., 0., 0.]]])",oil from kitchen_counter to cookingpot,"Since oil from cupboard to kitchen_counter
"
3,92,tensor([1300.]),"tensor([[[0., 0., 0.,  ..., 0., 0., 0.],
         [1., 0., 0.,  ..., 0., 0., 0.],
         [1., 0., 0.,  ..., 0., 0., 0.],
         ...,
         [0., 0., 0.,  ..., 0., 0., 0.],
         [0., 0., 0.,  ..., 0., 0., 0.],
         [0., 0., 0.,  ..., 0., 0., 0.]]])",cookingpot from kitchen_counter to stove,"Since milk from table to fridge
Since cookingpot from cupboard to kitchen_counter
"
3,92,tensor([1300.]),"tensor([[[0., 0., 0.,  ..., 0., 0., 0.],
         [1., 0., 0.,  ..., 0., 0., 0.],
         [1., 0., 0.,  ..., 0., 0., 0.],
         ...,
         [0., 0., 0.,  ..., 0., 0., 0.],
         [0., 0., 0.,  ..., 0., 0., 0.],
         [0., 0., 0.,  ..., 0., 0., 0.]]])",food_rice from kitchen_counter to cookingpot,
3,92,tensor([1300.]),"tensor([[[0., 0., 0.,  ..., 0., 0., 0.],
         [1., 0., 0.,  ..., 0., 0., 0.],
         [1., 0., 0.,  ..., 0., 0., 0.],
         ...,
         [0., 0., 0.,  ..., 0., 0., 0.],
         [0., 0., 0.,  ..., 0., 0., 0.],
         [0., 0., 0.,  ..., 0., 0., 0.]]])",food_vegetable from kitchen_counter to cookingpot,
3,93,tensor([1310.]),"tensor([[[0., 0., 0.,  ..., 0., 0., 0.],
         [1., 0., 0.,  ..., 0., 0., 0.],
         [1., 0., 0.,  ..., 0., 0., 0.],
         ...,
         [0., 0., 0.,  ..., 0., 0., 0.],
         [0., 0., 0.,  ..., 0., 0., 0.],
         [0., 0., 0.,  ..., 0., 0., 0.]]])",cookingpot from stove to table,"Since cutting_board from kitchen_counter to table
Since cookingpot from kitchen_counter to stove
Since plate from cupboard to kitchen_counter
"
3,93,tensor([1310.]),"tensor([[[0., 0., 0.,  ..., 0., 0., 0.],
         [1., 0., 0.,  ..., 0., 0., 0.],
         [1., 0., 0.,  ..., 0., 0., 0.],
         ...,
         [0., 0., 0.,  ..., 0., 0., 0.],
         [0., 0., 0.,  ..., 0., 0., 0.],
         [0., 0., 0.,  ..., 0., 0., 0.]]])",plate from kitchen_counter to table,"Since cutting_board from kitchen_counter to table
Since plate from cupboard to kitchen_counter
Since food_vegetable from kitchen_counter to cookingpot
"
3,93,tensor([1310.]),"tensor([[[0., 0., 0.,  ..., 0., 0., 0.],
         [1., 0., 0.,  ..., 0., 0., 0.],
         [1., 0., 0.,  ..., 0., 0., 0.],
         ...,
         [0., 0., 0.,  ..., 0., 0., 0.],
         [0., 0., 0.,  ..., 0., 0., 0.],
         [0., 0., 0.,  ..., 0., 0., 0.]]])",spoon from cupboard to plate,"Since drinking_glass from desk to cupboard
Since spoon from sink to cupboard
Since plate from cupboard to kitchen_counter
Since food_vegetable from kitchen_counter to cookingpot
"
3,94,tensor([1320.]),"tensor([[[0., 0., 0.,  ..., 0., 0., 0.],
         [1., 0., 0.,  ..., 0., 0., 0.],
         [1., 0., 0.,  ..., 0., 0., 0.],
         ...,
         [0., 0., 0.,  ..., 0., 0., 0.],
         [0., 0., 0.,  ..., 0., 0., 0.],
         [0., 0., 0.,  ..., 0., 0., 0.]]])",cookingpot from table to sink,"Since chessboard from table to bookshelf
Since deck_of_cards from table to bookshelf
Since cookingpot from stove to table
"
3,94,tensor([1320.]),"tensor([[[0., 0., 0.,  ..., 0., 0., 0.],
         [1., 0., 0.,  ..., 0., 0., 0.],
         [1., 0., 0.,  ..., 0., 0., 0.],
         ...,
         [0., 0., 0.,  ..., 0., 0., 0.],
         [0., 0., 0.,  ..., 0., 0., 0.],
         [0., 0., 0.,  ..., 0., 0., 0.]]])",plate from table to sink,"Since food_cereal from table to cupboard
Since spoon from cupboard to plate
Since wine_glass from sink to cupboard
"
3,95,tensor([1330.]),"tensor([[[0., 0., 0.,  ..., 0., 0., 0.],
         [1., 0., 0.,  ..., 0., 0., 0.],
         [1., 0., 0.,  ..., 0., 0., 0.],
         ...,
         [0., 0., 0.,  ..., 0., 0., 0.],
         [0., 0., 0.,  ..., 0., 0., 0.],
         [0., 0., 0.,  ..., 0., 0., 0.]]])",cookingpot from table to sink,
3,95,tensor([1330.]),"tensor([[[0., 0., 0.,  ..., 0., 0., 0.],
         [1., 0., 0.,  ..., 0., 0., 0.],
         [1., 0., 0.,  ..., 0., 0., 0.],
         ...,
         [0., 0., 0.,  ..., 0., 0., 0.],
         [0., 0., 0.,  ..., 0., 0., 0.],
         [0., 0., 0.,  ..., 0., 0., 0.]]])",spoon from plate to sink,"Since spoon from cupboard to plate
Since wine_glass from sink to cupboard
Since plate from table to sink
"
3,100,tensor([1380.]),"tensor([[[0., 0., 0.,  ..., 0., 0., 0.],
         [1., 0., 0.,  ..., 0., 0., 0.],
         [1., 0., 0.,  ..., 0., 0., 0.],
         ...,
         [0., 0., 0.,  ..., 0., 0., 0.],
         [0., 0., 0.,  ..., 0., 0., 0.],
         [0., 0., 0.,  ..., 0., 0., 0.]]])",cookingpot from sink to cupboard,"Since plate from sink to cupboard
"
3,100,tensor([1380.]),"tensor([[[0., 0., 0.,  ..., 0., 0., 0.],
         [1., 0., 0.,  ..., 0., 0., 0.],
         [1., 0., 0.,  ..., 0., 0., 0.],
         ...,
         [0., 0., 0.,  ..., 0., 0., 0.],
         [0., 0., 0.,  ..., 0., 0., 0.],
         [0., 0., 0.,  ..., 0., 0., 0.]]])",spoon from sink to cupboard,"Since spoon from plate to sink
Since plate from sink to cupboard
"
8,5,tensor([430.]),"tensor([[[0., 0., 0.,  ..., 0., 0., 0.],
         [1., 0., 0.,  ..., 0., 0., 0.],
         [1., 0., 0.,  ..., 0., 0., 0.],
         ...,
         [0., 0., 0.,  ..., 0., 0., 0.],
         [0., 0., 0.,  ..., 0., 0., 0.],
         [0., 0., 0.,  ..., 0., 0., 0.]]])",painkillers from kitchen_counter to bathroom_cabinet,"Since drinking_glass from kitchen_counter to cupboard
"
8,6,tensor([440.]),"tensor([[[0., 0., 0.,  ..., 0., 0., 0.],
         [1., 0., 0.,  ..., 0., 0., 0.],
         [1., 0., 0.,  ..., 0., 0., 0.],
         ...,
         [0., 0., 0.,  ..., 0., 0., 0.],
         [0., 0., 0.,  ..., 0., 0., 0.],
         [0., 0., 0.,  ..., 0., 0., 0.]]])",painkillers from kitchen_counter to bathroom_cabinet,"Since drinking_glass from kitchen_counter to cupboard
"
8,7,tensor([450.]),"tensor([[[0., 0., 0.,  ..., 0., 0., 0.],
         [1., 0., 0.,  ..., 0., 0., 0.],
         [1., 0., 0.,  ..., 0., 0., 0.],
         ...,
         [0., 0., 0.,  ..., 0., 0., 0.],
         [0., 0., 0.,  ..., 0., 0., 0.],
         [0., 0., 0.,  ..., 0., 0., 0.]]])",hairbrush from bathroom_cabinet to bathroom_counter,"Since conditioner from bathroom_cabinet to shower
Since facial_cleanser from bathroom_cabinet to shower
Since shampoo from bathroom_cabinet to shower
"
8,7,tensor([450.]),"tensor([[[0., 0., 0.,  ..., 0., 0., 0.],
         [1., 0., 0.,  ..., 0., 0., 0.],
         [1., 0., 0.,  ..., 0., 0., 0.],
         ...,
         [0., 0., 0.,  ..., 0., 0., 0.],
         [0., 0., 0.,  ..., 0., 0., 0.],
         [0., 0., 0.,  ..., 0., 0., 0.]]])",towel from bathroom_counter to towel_rack,"Since conditioner from bathroom_cabinet to shower
Since facial_cleanser from bathroom_cabinet to shower
"
8,8,tensor([460.]),"tensor([[[0., 0., 0.,  ..., 0., 0., 0.],
         [1., 0., 0.,  ..., 0., 0., 0.],
         [1., 0., 0.,  ..., 0., 0., 0.],
         ...,
         [0., 0., 0.,  ..., 0., 0., 0.],
         [0., 0., 0.,  ..., 0., 0., 0.],
         [0., 0., 0.,  ..., 0., 0., 0.]]])",hairbrush from bathroom_cabinet to bathroom_counter,"Since painkillers from kitchen_counter to bathroom_cabinet
Since conditioner from bathroom_cabinet to shower
Since facial_cleanser from bathroom_cabinet to shower
Since shampoo from bathroom_cabinet to shower
"
8,8,tensor([460.]),"tensor([[[0., 0., 0.,  ..., 0., 0., 0.],
         [1., 0., 0.,  ..., 0., 0., 0.],
         [1., 0., 0.,  ..., 0., 0., 0.],
         ...,
         [0., 0., 0.,  ..., 0., 0., 0.],
         [0., 0., 0.,  ..., 0., 0., 0.],
         [0., 0., 0.,  ..., 0., 0., 0.]]])",towel from bathroom_counter to towel_rack,"Since painkillers from kitchen_counter to bathroom_cabinet
Since conditioner from bathroom_cabinet to shower
Since facial_cleanser from bathroom_cabinet to shower
Since shampoo from bathroom_cabinet to shower
"
8,74,tensor([1120.]),"tensor([[[0., 0., 0.,  ..., 0., 0., 0.],
         [1., 0., 0.,  ..., 0., 0., 0.],
         [1., 0., 0.,  ..., 0., 0., 0.],
         ...,
         [0., 0., 0.,  ..., 0., 0., 0.],
         [0., 0., 0.,  ..., 0., 0., 0.],
         [0., 0., 0.,  ..., 0., 0., 0.]]])",vacuum_cleaner from bedroom to home_office,"Since vacuum_cleaner from kitchen_cabinet to bedroom
"
8,75,tensor([1130.]),"tensor([[[0., 0., 0.,  ..., 0., 0., 0.],
         [1., 0., 0.,  ..., 0., 0., 0.],
         [1., 0., 0.,  ..., 0., 0., 0.],
         ...,
         [0., 0., 0.,  ..., 0., 0., 0.],
         [0., 0., 0.,  ..., 0., 0., 0.],
         [0., 0., 0.,  ..., 0., 0., 0.]]])",vacuum_cleaner from home_office to dining_room,"Since vacuum_cleaner from bedroom to home_office
"
8,76,tensor([1140.]),"tensor([[[0., 0., 0.,  ..., 0., 0., 0.],
         [1., 0., 0.,  ..., 0., 0., 0.],
         [1., 0., 0.,  ..., 0., 0., 0.],
         ...,
         [0., 0., 0.,  ..., 0., 0., 0.],
         [0., 0., 0.,  ..., 0., 0., 0.],
         [0., 0., 0.,  ..., 0., 0., 0.]]])",vacuum_cleaner from home_office to dining_room,"Since vacuum_cleaner from bedroom to home_office
"
8,79,tensor([1170.]),"tensor([[[0., 0., 0.,  ..., 0., 0., 0.],
         [1., 0., 0.,  ..., 0., 0., 0.],
         [1., 0., 0.,  ..., 0., 0., 0.],
         ...,
         [0., 0., 0.,  ..., 0., 0., 0.],
         [0., 0., 0.,  ..., 0., 0., 0.],
         [0., 0., 0.,  ..., 0., 0., 0.]]])",oil from kitchen_counter to cookingpot,"Since oil from cupboard to kitchen_counter
"
8,80,tensor([1180.]),"tensor([[[0., 0., 0.,  ..., 0., 0., 0.],
         [1., 0., 0.,  ..., 0., 0., 0.],
         [1., 0., 0.,  ..., 0., 0., 0.],
         ...,
         [0., 0., 0.,  ..., 0., 0., 0.],
         [0., 0., 0.,  ..., 0., 0., 0.],
         [0., 0., 0.,  ..., 0., 0., 0.]]])",cookingpot from kitchen_counter to table,"Since cookingpot from cupboard to kitchen_counter
"
8,80,tensor([1180.]),"tensor([[[0., 0., 0.,  ..., 0., 0., 0.],
         [1., 0., 0.,  ..., 0., 0., 0.],
         [1., 0., 0.,  ..., 0., 0., 0.],
         ...,
         [0., 0., 0.,  ..., 0., 0., 0.],
         [0., 0., 0.,  ..., 0., 0., 0.],
         [0., 0., 0.,  ..., 0., 0., 0.]]])",plate from kitchen_counter to table,"Since plate from cupboard to kitchen_counter
"
8,80,tensor([1180.]),"tensor([[[0., 0., 0.,  ..., 0., 0., 0.],
         [1., 0., 0.,  ..., 0., 0., 0.],
         [1., 0., 0.,  ..., 0., 0., 0.],
         ...,
         [0., 0., 0.,  ..., 0., 0., 0.],
         [0., 0., 0.,  ..., 0., 0., 0.],
         [0., 0., 0.,  ..., 0., 0., 0.]]])",spoon from cupboard to cookingpot,"Since cookingpot from cupboard to kitchen_counter
Since food_rice from kitchen_counter to cookingpot
Since oil from kitchen_counter to cookingpot
"
8,81,tensor([1190.]),"tensor([[[0., 0., 0.,  ..., 0., 0., 0.],
         [1., 0., 0.,  ..., 0., 0., 0.],
         [1., 0., 0.,  ..., 0., 0., 0.],
         ...,
         [0., 0., 0.,  ..., 0., 0., 0.],
         [0., 0., 0.,  ..., 0., 0., 0.],
         [0., 0., 0.,  ..., 0., 0., 0.]]])",cookingpot from stove to table,
8,81,tensor([1190.]),"tensor([[[0., 0., 0.,  ..., 0., 0., 0.],
         [1., 0., 0.,  ..., 0., 0., 0.],
         [1., 0., 0.,  ..., 0., 0., 0.],
         ...,
         [0., 0., 0.,  ..., 0., 0., 0.],
         [0., 0., 0.,  ..., 0., 0., 0.],
         [0., 0., 0.,  ..., 0., 0., 0.]]])",plate from kitchen_counter to table,"Since plate from cupboard to kitchen_counter
"
8,81,tensor([1190.]),"tensor([[[0., 0., 0.,  ..., 0., 0., 0.],
         [1., 0., 0.,  ..., 0., 0., 0.],
         [1., 0., 0.,  ..., 0., 0., 0.],
         ...,
         [0., 0., 0.,  ..., 0., 0., 0.],
         [0., 0., 0.,  ..., 0., 0., 0.],
         [0., 0., 0.,  ..., 0., 0., 0.]]])",spoon from cookingpot to plate,"Since cookingpot from kitchen_counter to stove
Since plate from cupboard to kitchen_counter
"
8,82,tensor([1200.]),"tensor([[[0., 0., 0.,  ..., 0., 0., 0.],
         [1., 0., 0.,  ..., 0., 0., 0.],
         [1., 0., 0.,  ..., 0., 0., 0.],
         ...,
         [0., 0., 0.,  ..., 0., 0., 0.],
         [0., 0., 0.,  ..., 0., 0., 0.],
         [0., 0., 0.,  ..., 0., 0., 0.]]])",plate from table to sink,"Since cookingpot from stove to table
Since spoon from cookingpot to plate
"
8,83,tensor([1210.]),"tensor([[[0., 0., 0.,  ..., 0., 0., 0.],
         [1., 0., 0.,  ..., 0., 0., 0.],
         [1., 0., 0.,  ..., 0., 0., 0.],
         ...,
         [0., 0., 0.,  ..., 0., 0., 0.],
         [0., 0., 0.,  ..., 0., 0., 0.],
         [0., 0., 0.,  ..., 0., 0., 0.]]])",cookingpot from table to sink,"Since plate from table to sink
"
8,83,tensor([1210.]),"tensor([[[0., 0., 0.,  ..., 0., 0., 0.],
         [1., 0., 0.,  ..., 0., 0., 0.],
         [1., 0., 0.,  ..., 0., 0., 0.],
         ...,
         [0., 0., 0.,  ..., 0., 0., 0.],
         [0., 0., 0.,  ..., 0., 0., 0.],
         [0., 0., 0.,  ..., 0., 0., 0.]]])",spoon from plate to sink,"Since plate from table to sink
"
8,88,tensor([1260.]),"tensor([[[0., 0., 0.,  ..., 0., 0., 0.],
         [1., 0., 0.,  ..., 0., 0., 0.],
         [1., 0., 0.,  ..., 0., 0., 0.],
         ...,
         [0., 0., 0.,  ..., 0., 0., 0.],
         [0., 0., 0.,  ..., 0., 0., 0.],
         [0., 0., 0.,  ..., 0., 0., 0.]]])",spoon from sink to cupboard,"Since cookingpot from table to sink
Since plate from sink to cupboard
Since spoon from plate to sink
"
8,89,tensor([1270.]),"tensor([[[0., 0., 0.,  ..., 0., 0., 0.],
         [1., 0., 0.,  ..., 0., 0., 0.],
         [1., 0., 0.,  ..., 0., 0., 0.],
         ...,
         [0., 0., 0.,  ..., 0., 0., 0.],
         [0., 0., 0.,  ..., 0., 0., 0.],
         [0., 0., 0.,  ..., 0., 0., 0.]]])",cookingpot from sink to cupboard,"Since cookingpot from table to sink
Since plate from sink to cupboard
Since spoon from sink to cupboard
"
8,106,tensor([1440.]),"tensor([[[0., 0., 0.,  ..., 0., 0., 0.],
         [1., 0., 0.,  ..., 0., 0., 0.],
         [1., 0., 0.,  ..., 0., 0., 0.],
         ...,
         [0., 0., 0.,  ..., 0., 0., 0.],
         [0., 0., 0.,  ..., 0., 0., 0.],
         [0., 0., 0.,  ..., 0., 0., 0.]]])",remote_control from sofa to tvstand,
6,5,tensor([430.]),"tensor([[[0., 0., 0.,  ..., 0., 0., 0.],
         [1., 0., 0.,  ..., 0., 0., 0.],
         [1., 0., 0.,  ..., 0., 0., 0.],
         ...,
         [0., 0., 0.,  ..., 0., 0., 0.],
         [0., 0., 0.,  ..., 0., 0., 0.],
         [0., 0., 0.,  ..., 0., 0., 0.]]])",hairbrush from bathroom_cabinet to bathroom_counter,"Since conditioner from bathroom_cabinet to shower
Since facial_cleanser from bathroom_cabinet to shower
Since shampoo from bathroom_cabinet to shower
"
6,67,tensor([1050.]),"tensor([[[0., 0., 0.,  ..., 0., 0., 0.],
         [1., 0., 0.,  ..., 0., 0., 0.],
         [1., 0., 0.,  ..., 0., 0., 0.],
         ...,
         [0., 0., 0.,  ..., 0., 0., 0.],
         [0., 0., 0.,  ..., 0., 0., 0.],
         [0., 0., 0.,  ..., 0., 0., 0.]]])",chessboard from bookshelf to table,"Since cutting_board from kitchen_counter to table
Since food_cheese from fridge to cutting_board
"
6,67,tensor([1050.]),"tensor([[[0., 0., 0.,  ..., 0., 0., 0.],
         [1., 0., 0.,  ..., 0., 0., 0.],
         [1., 0., 0.,  ..., 0., 0., 0.],
         ...,
         [0., 0., 0.,  ..., 0., 0., 0.],
         [0., 0., 0.,  ..., 0., 0., 0.],
         [0., 0., 0.,  ..., 0., 0., 0.]]])",deck_of_cards from bookshelf to table,"Since cutting_board from kitchen_counter to table
Since food_cheese from fridge to cutting_board
"
6,68,tensor([1060.]),"tensor([[[0., 0., 0.,  ..., 0., 0., 0.],
         [1., 0., 0.,  ..., 0., 0., 0.],
         [1., 0., 0.,  ..., 0., 0., 0.],
         ...,
         [0., 0., 0.,  ..., 0., 0., 0.],
         [0., 0., 0.,  ..., 0., 0., 0.],
         [0., 0., 0.,  ..., 0., 0., 0.]]])",deck_of_cards from bookshelf to table,
6,78,tensor([1160.]),"tensor([[[0., 0., 0.,  ..., 0., 0., 0.],
         [1., 0., 0.,  ..., 0., 0., 0.],
         [1., 0., 0.,  ..., 0., 0., 0.],
         ...,
         [0., 0., 0.,  ..., 0., 0., 0.],
         [0., 0., 0.,  ..., 0., 0., 0.],
         [0., 0., 0.,  ..., 0., 0., 0.]]])",chessboard from table to bookshelf,"Since chessboard from bookshelf to table
Since wine_glass from table to sink
"
6,78,tensor([1160.]),"tensor([[[0., 0., 0.,  ..., 0., 0., 0.],
         [1., 0., 0.,  ..., 0., 0., 0.],
         [1., 0., 0.,  ..., 0., 0., 0.],
         ...,
         [0., 0., 0.,  ..., 0., 0., 0.],
         [0., 0., 0.,  ..., 0., 0., 0.],
         [0., 0., 0.,  ..., 0., 0., 0.]]])",deck_of_cards from table to bookshelf,"Since wine_glass from table to sink
Since deck_of_cards from bookshelf to table
"
6,78,tensor([1160.]),"tensor([[[0., 0., 0.,  ..., 0., 0., 0.],
         [1., 0., 0.,  ..., 0., 0., 0.],
         [1., 0., 0.,  ..., 0., 0., 0.],
         ...,
         [0., 0., 0.,  ..., 0., 0., 0.],
         [0., 0., 0.,  ..., 0., 0., 0.],
         [0., 0., 0.,  ..., 0., 0., 0.]]])",wine_glass from sink to cupboard,"Since wine_glass from table to sink
"
6,79,tensor([1170.]),"tensor([[[0., 0., 0.,  ..., 0., 0., 0.],
         [1., 0., 0.,  ..., 0., 0., 0.],
         [1., 0., 0.,  ..., 0., 0., 0.],
         ...,
         [0., 0., 0.,  ..., 0., 0., 0.],
         [0., 0., 0.,  ..., 0., 0., 0.],
         [0., 0., 0.,  ..., 0., 0., 0.]]])",wine_glass from sink to table,"Since drinking_glass from desk to cupboard
Since headset from table to desk
Since food_cheese from fridge to cutting_board
Since chessboard from table to bookshelf
Since deck_of_cards from table to bookshelf
"
6,94,tensor([1320.]),"tensor([[[0., 0., 0.,  ..., 0., 0., 0.],
         [1., 0., 0.,  ..., 0., 0., 0.],
         [1., 0., 0.,  ..., 0., 0., 0.],
         ...,
         [0., 0., 0.,  ..., 0., 0., 0.],
         [0., 0., 0.,  ..., 0., 0., 0.],
         [0., 0., 0.,  ..., 0., 0., 0.]]])",oil from cupboard to kitchen_counter,"Since drinking_glass from desk to cupboard
Since headset from table to desk
Since painkillers from kitchen_counter to bathroom_cabinet
Since deck_of_cards from table to bookshelf
Since food_donut from kitchen_counter to trashbag
"
6,94,tensor([1320.]),"tensor([[[0., 0., 0.,  ..., 0., 0., 0.],
         [1., 0., 0.,  ..., 0., 0., 0.],
         [1., 0., 0.,  ..., 0., 0., 0.],
         ...,
         [0., 0., 0.,  ..., 0., 0., 0.],
         [0., 0., 0.,  ..., 0., 0., 0.],
         [0., 0., 0.,  ..., 0., 0., 0.]]])",remote_control from sofa to tvstand,
6,95,tensor([1330.]),"tensor([[[0., 0., 0.,  ..., 0., 0., 0.],
         [1., 0., 0.,  ..., 0., 0., 0.],
         [1., 0., 0.,  ..., 0., 0., 0.],
         ...,
         [0., 0., 0.,  ..., 0., 0., 0.],
         [0., 0., 0.,  ..., 0., 0., 0.],
         [0., 0., 0.,  ..., 0., 0., 0.]]])",food_rice from kitchen_counter to cookingpot,"Since cookingpot from cupboard to kitchen_counter
Since food_rice from cupboard to kitchen_counter
"
6,95,tensor([1330.]),"tensor([[[0., 0., 0.,  ..., 0., 0., 0.],
         [1., 0., 0.,  ..., 0., 0., 0.],
         [1., 0., 0.,  ..., 0., 0., 0.],
         ...,
         [0., 0., 0.,  ..., 0., 0., 0.],
         [0., 0., 0.,  ..., 0., 0., 0.],
         [0., 0., 0.,  ..., 0., 0., 0.]]])",food_vegetable from fridge to cookingpot,"Since food_cheese from cutting_board to fridge
Since cookingpot from cupboard to kitchen_counter
Since food_rice from cupboard to kitchen_counter
Since oil from cupboard to kitchen_counter
Since plate from cupboard to kitchen_counter
"
6,95,tensor([1330.]),"tensor([[[0., 0., 0.,  ..., 0., 0., 0.],
         [1., 0., 0.,  ..., 0., 0., 0.],
         [1., 0., 0.,  ..., 0., 0., 0.],
         ...,
         [0., 0., 0.,  ..., 0., 0., 0.],
         [0., 0., 0.,  ..., 0., 0., 0.],
         [0., 0., 0.,  ..., 0., 0., 0.]]])",oil from kitchen_counter to cookingpot,"Since cookingpot from cupboard to kitchen_counter
Since oil from cupboard to kitchen_counter
"
6,96,tensor([1340.]),"tensor([[[0., 0., 0.,  ..., 0., 0., 0.],
         [1., 0., 0.,  ..., 0., 0., 0.],
         [1., 0., 0.,  ..., 0., 0., 0.],
         ...,
         [0., 0., 0.,  ..., 0., 0., 0.],
         [0., 0., 0.,  ..., 0., 0., 0.],
         [0., 0., 0.,  ..., 0., 0., 0.]]])",cookingpot from kitchen_counter to stove,"Since cutting_board from kitchen_counter to table
Since cookingpot from cupboard to kitchen_counter
"
6,96,tensor([1340.]),"tensor([[[0., 0., 0.,  ..., 0., 0., 0.],
         [1., 0., 0.,  ..., 0., 0., 0.],
         [1., 0., 0.,  ..., 0., 0., 0.],
         ...,
         [0., 0., 0.,  ..., 0., 0., 0.],
         [0., 0., 0.,  ..., 0., 0., 0.],
         [0., 0., 0.,  ..., 0., 0., 0.]]])",food_vegetable from kitchen_counter to cookingpot,
6,96,tensor([1340.]),"tensor([[[0., 0., 0.,  ..., 0., 0., 0.],
         [1., 0., 0.,  ..., 0., 0., 0.],
         [1., 0., 0.,  ..., 0., 0., 0.],
         ...,
         [0., 0., 0.,  ..., 0., 0., 0.],
         [0., 0., 0.,  ..., 0., 0., 0.],
         [0., 0., 0.,  ..., 0., 0., 0.]]])",spoon from cupboard to cookingpot,"Since cookingpot from cupboard to kitchen_counter
Since food_rice from kitchen_counter to cookingpot
Since oil from kitchen_counter to cookingpot
Since plate from cupboard to kitchen_counter
"
6,97,tensor([1350.]),"tensor([[[0., 0., 0.,  ..., 0., 0., 0.],
         [1., 0., 0.,  ..., 0., 0., 0.],
         [1., 0., 0.,  ..., 0., 0., 0.],
         ...,
         [0., 0., 0.,  ..., 0., 0., 0.],
         [0., 0., 0.,  ..., 0., 0., 0.],
         [0., 0., 0.,  ..., 0., 0., 0.]]])",cookingpot from stove to table,"Since food_rice from kitchen_counter to cookingpot
Since food_vegetable from kitchen_counter to cookingpot
"
6,97,tensor([1350.]),"tensor([[[0., 0., 0.,  ..., 0., 0., 0.],
         [1., 0., 0.,  ..., 0., 0., 0.],
         [1., 0., 0.,  ..., 0., 0., 0.],
         ...,
         [0., 0., 0.,  ..., 0., 0., 0.],
         [0., 0., 0.,  ..., 0., 0., 0.],
         [0., 0., 0.,  ..., 0., 0., 0.]]])",plate from kitchen_counter to table,"Since plate from cupboard to kitchen_counter
Since food_vegetable from kitchen_counter to cookingpot
"
6,97,tensor([1350.]),"tensor([[[0., 0., 0.,  ..., 0., 0., 0.],
         [1., 0., 0.,  ..., 0., 0., 0.],
         [1., 0., 0.,  ..., 0., 0., 0.],
         ...,
         [0., 0., 0.,  ..., 0., 0., 0.],
         [0., 0., 0.,  ..., 0., 0., 0.],
         [0., 0., 0.,  ..., 0., 0., 0.]]])",spoon from cookingpot to plate,"Since cookingpot from kitchen_counter to stove
Since plate from cupboard to kitchen_counter
Since food_vegetable from kitchen_counter to cookingpot
"
6,98,tensor([1360.]),"tensor([[[0., 0., 0.,  ..., 0., 0., 0.],
         [1., 0., 0.,  ..., 0., 0., 0.],
         [1., 0., 0.,  ..., 0., 0., 0.],
         ...,
         [0., 0., 0.,  ..., 0., 0., 0.],
         [0., 0., 0.,  ..., 0., 0., 0.],
         [0., 0., 0.,  ..., 0., 0., 0.]]])",cookingpot from table to sink,"Since cutting_board from kitchen_counter to table
Since food_cheese from cutting_board to fridge
Since wine_glass from sink to cupboard
Since food_rice from kitchen_counter to cookingpot
Since oil from kitchen_counter to cookingpot
Since spoon from cookingpot to plate
"
6,98,tensor([1360.]),"tensor([[[0., 0., 0.,  ..., 0., 0., 0.],
         [1., 0., 0.,  ..., 0., 0., 0.],
         [1., 0., 0.,  ..., 0., 0., 0.],
         ...,
         [0., 0., 0.,  ..., 0., 0., 0.],
         [0., 0., 0.,  ..., 0., 0., 0.],
         [0., 0., 0.,  ..., 0., 0., 0.]]])",plate from table to sink,"Since cutting_board from kitchen_counter to table
Since wine_glass from sink to cupboard
Since spoon from cookingpot to plate
"
6,99,tensor([1370.]),"tensor([[[0., 0., 0.,  ..., 0., 0., 0.],
         [1., 0., 0.,  ..., 0., 0., 0.],
         [1., 0., 0.,  ..., 0., 0., 0.],
         ...,
         [0., 0., 0.,  ..., 0., 0., 0.],
         [0., 0., 0.,  ..., 0., 0., 0.],
         [0., 0., 0.,  ..., 0., 0., 0.]]])",cookingpot from table to sink,"Since plate from table to sink
"
6,99,tensor([1370.]),"tensor([[[0., 0., 0.,  ..., 0., 0., 0.],
         [1., 0., 0.,  ..., 0., 0., 0.],
         [1., 0., 0.,  ..., 0., 0., 0.],
         ...,
         [0., 0., 0.,  ..., 0., 0., 0.],
         [0., 0., 0.,  ..., 0., 0., 0.],
         [0., 0., 0.,  ..., 0., 0., 0.]]])",spoon from plate to sink,"Since plate from table to sink
"
6,104,tensor([1420.]),"tensor([[[0., 0., 0.,  ..., 0., 0., 0.],
         [1., 0., 0.,  ..., 0., 0., 0.],
         [1., 0., 0.,  ..., 0., 0., 0.],
         ...,
         [0., 0., 0.,  ..., 0., 0., 0.],
         [0., 0., 0.,  ..., 0., 0., 0.],
         [0., 0., 0.,  ..., 0., 0., 0.]]])",spoon from sink to cupboard,"Since wine_glass from sink to cupboard
Since plate from sink to cupboard
Since spoon from plate to sink
"
6,105,tensor([1430.]),"tensor([[[0., 0., 0.,  ..., 0., 0., 0.],
         [1., 0., 0.,  ..., 0., 0., 0.],
         [1., 0., 0.,  ..., 0., 0., 0.],
         ...,
         [0., 0., 0.,  ..., 0., 0., 0.],
         [0., 0., 0.,  ..., 0., 0., 0.],
         [0., 0., 0.,  ..., 0., 0., 0.]]])",cookingpot from sink to cupboard,"Since wine_glass from sink to cupboard
Since cookingpot from table to sink
Since plate from sink to cupboard
Since spoon from sink to cupboard
"
2,44,tensor([820.]),"tensor([[[0., 0., 0.,  ..., 0., 0., 0.],
         [1., 0., 0.,  ..., 0., 0., 0.],
         [1., 0., 0.,  ..., 0., 0., 0.],
         ...,
         [0., 0., 0.,  ..., 0., 0., 0.],
         [0., 0., 0.,  ..., 0., 0., 0.],
         [0., 0., 0.,  ..., 0., 0., 0.]]])",chessboard from bookshelf to table,"Since cutting_board from kitchen_counter to table
"
2,44,tensor([820.]),"tensor([[[0., 0., 0.,  ..., 0., 0., 0.],
         [1., 0., 0.,  ..., 0., 0., 0.],
         [1., 0., 0.,  ..., 0., 0., 0.],
         ...,
         [0., 0., 0.,  ..., 0., 0., 0.],
         [0., 0., 0.,  ..., 0., 0., 0.],
         [0., 0., 0.,  ..., 0., 0., 0.]]])",deck_of_cards from bookshelf to table,"Since cutting_board from kitchen_counter to table
"
2,44,tensor([820.]),"tensor([[[0., 0., 0.,  ..., 0., 0., 0.],
         [1., 0., 0.,  ..., 0., 0., 0.],
         [1., 0., 0.,  ..., 0., 0., 0.],
         ...,
         [0., 0., 0.,  ..., 0., 0., 0.],
         [0., 0., 0.,  ..., 0., 0., 0.],
         [0., 0., 0.,  ..., 0., 0., 0.]]])",wine_glass from cupboard to table,"Since cutting_board from kitchen_counter to table
"
2,55,tensor([930.]),"tensor([[[0., 0., 0.,  ..., 0., 0., 0.],
         [1., 0., 0.,  ..., 0., 0., 0.],
         [1., 0., 0.,  ..., 0., 0., 0.],
         ...,
         [0., 0., 0.,  ..., 0., 0., 0.],
         [0., 0., 0.,  ..., 0., 0., 0.],
         [0., 0., 0.,  ..., 0., 0., 0.]]])",chessboard from table to bookshelf,"Since chessboard from bookshelf to table
Since wine_glass from table to sink
"
2,55,tensor([930.]),"tensor([[[0., 0., 0.,  ..., 0., 0., 0.],
         [1., 0., 0.,  ..., 0., 0., 0.],
         [1., 0., 0.,  ..., 0., 0., 0.],
         ...,
         [0., 0., 0.,  ..., 0., 0., 0.],
         [0., 0., 0.,  ..., 0., 0., 0.],
         [0., 0., 0.,  ..., 0., 0., 0.]]])",deck_of_cards from table to bookshelf,"Since deck_of_cards from bookshelf to table
Since wine_glass from table to sink
"
2,55,tensor([930.]),"tensor([[[0., 0., 0.,  ..., 0., 0., 0.],
         [1., 0., 0.,  ..., 0., 0., 0.],
         [1., 0., 0.,  ..., 0., 0., 0.],
         ...,
         [0., 0., 0.,  ..., 0., 0., 0.],
         [0., 0., 0.,  ..., 0., 0., 0.],
         [0., 0., 0.,  ..., 0., 0., 0.]]])",wine from table to kitchen_counter,
2,79,tensor([1170.]),"tensor([[[0., 0., 0.,  ..., 0., 0., 0.],
         [1., 0., 0.,  ..., 0., 0., 0.],
         [1., 0., 0.,  ..., 0., 0., 0.],
         ...,
         [0., 0., 0.,  ..., 0., 0., 0.],
         [0., 0., 0.,  ..., 0., 0., 0.],
         [0., 0., 0.,  ..., 0., 0., 0.]]])",vacuum_cleaner from bedroom to home_office,"Since vacuum_cleaner from kitchen_cabinet to bedroom
"
2,80,tensor([1180.]),"tensor([[[0., 0., 0.,  ..., 0., 0., 0.],
         [1., 0., 0.,  ..., 0., 0., 0.],
         [1., 0., 0.,  ..., 0., 0., 0.],
         ...,
         [0., 0., 0.,  ..., 0., 0., 0.],
         [0., 0., 0.,  ..., 0., 0., 0.],
         [0., 0., 0.,  ..., 0., 0., 0.]]])",vacuum_cleaner from home_office to dining_room,"Since wine_glass from sink to cupboard
Since wine from table to kitchen_counter
Since vacuum_cleaner from bedroom to home_office
"
2,84,tensor([1220.]),"tensor([[[0., 0., 0.,  ..., 0., 0., 0.],
         [1., 0., 0.,  ..., 0., 0., 0.],
         [1., 0., 0.,  ..., 0., 0., 0.],
         ...,
         [0., 0., 0.,  ..., 0., 0., 0.],
         [0., 0., 0.,  ..., 0., 0., 0.],
         [0., 0., 0.,  ..., 0., 0., 0.]]])",food_rice from kitchen_counter to cookingpot,"Since cookingpot from cupboard to kitchen_counter
Since food_rice from cupboard to kitchen_counter
"
2,84,tensor([1220.]),"tensor([[[0., 0., 0.,  ..., 0., 0., 0.],
         [1., 0., 0.,  ..., 0., 0., 0.],
         [1., 0., 0.,  ..., 0., 0., 0.],
         ...,
         [0., 0., 0.,  ..., 0., 0., 0.],
         [0., 0., 0.,  ..., 0., 0., 0.],
         [0., 0., 0.,  ..., 0., 0., 0.]]])",food_vegetable from fridge to cookingpot,"Since painkillers from kitchen_counter to bathroom_cabinet
Since food_donut from kitchen_counter to trashbag
Since cookingpot from cupboard to kitchen_counter
"
2,84,tensor([1220.]),"tensor([[[0., 0., 0.,  ..., 0., 0., 0.],
         [1., 0., 0.,  ..., 0., 0., 0.],
         [1., 0., 0.,  ..., 0., 0., 0.],
         ...,
         [0., 0., 0.,  ..., 0., 0., 0.],
         [0., 0., 0.,  ..., 0., 0., 0.],
         [0., 0., 0.,  ..., 0., 0., 0.]]])",oil from kitchen_counter to cookingpot,
2,85,tensor([1230.]),"tensor([[[0., 0., 0.,  ..., 0., 0., 0.],
         [1., 0., 0.,  ..., 0., 0., 0.],
         [1., 0., 0.,  ..., 0., 0., 0.],
         ...,
         [0., 0., 0.,  ..., 0., 0., 0.],
         [0., 0., 0.,  ..., 0., 0., 0.],
         [0., 0., 0.,  ..., 0., 0., 0.]]])",cookingpot from kitchen_counter to table,"Since cutting_board from kitchen_counter to table
Since cookingpot from cupboard to kitchen_counter
Since plate from cupboard to kitchen_counter
Since food_vegetable from fridge to cookingpot
"
2,85,tensor([1230.]),"tensor([[[0., 0., 0.,  ..., 0., 0., 0.],
         [1., 0., 0.,  ..., 0., 0., 0.],
         [1., 0., 0.,  ..., 0., 0., 0.],
         ...,
         [0., 0., 0.,  ..., 0., 0., 0.],
         [0., 0., 0.,  ..., 0., 0., 0.],
         [0., 0., 0.,  ..., 0., 0., 0.]]])",plate from kitchen_counter to table,"Since cutting_board from kitchen_counter to table
Since plate from cupboard to kitchen_counter
Since food_vegetable from fridge to cookingpot
"
2,85,tensor([1230.]),"tensor([[[0., 0., 0.,  ..., 0., 0., 0.],
         [1., 0., 0.,  ..., 0., 0., 0.],
         [1., 0., 0.,  ..., 0., 0., 0.],
         ...,
         [0., 0., 0.,  ..., 0., 0., 0.],
         [0., 0., 0.,  ..., 0., 0., 0.],
         [0., 0., 0.,  ..., 0., 0., 0.]]])",spoon from cupboard to plate,"Since drinking_glass from desk to cupboard
Since plate from cupboard to kitchen_counter
Since food_vegetable from fridge to cookingpot
"
2,86,tensor([1240.]),"tensor([[[0., 0., 0.,  ..., 0., 0., 0.],
         [1., 0., 0.,  ..., 0., 0., 0.],
         [1., 0., 0.,  ..., 0., 0., 0.],
         ...,
         [0., 0., 0.,  ..., 0., 0., 0.],
         [0., 0., 0.,  ..., 0., 0., 0.],
         [0., 0., 0.,  ..., 0., 0., 0.]]])",plate from kitchen_counter to table,"Since cutting_board from kitchen_counter to table
Since plate from cupboard to kitchen_counter
Since food_vegetable from fridge to cookingpot
"
2,86,tensor([1240.]),"tensor([[[0., 0., 0.,  ..., 0., 0., 0.],
         [1., 0., 0.,  ..., 0., 0., 0.],
         [1., 0., 0.,  ..., 0., 0., 0.],
         ...,
         [0., 0., 0.,  ..., 0., 0., 0.],
         [0., 0., 0.,  ..., 0., 0., 0.],
         [0., 0., 0.,  ..., 0., 0., 0.]]])",spoon from cookingpot to plate,"Since plate from cupboard to kitchen_counter
"
2,87,tensor([1250.]),"tensor([[[0., 0., 0.,  ..., 0., 0., 0.],
         [1., 0., 0.,  ..., 0., 0., 0.],
         [1., 0., 0.,  ..., 0., 0., 0.],
         ...,
         [0., 0., 0.,  ..., 0., 0., 0.],
         [0., 0., 0.,  ..., 0., 0., 0.],
         [0., 0., 0.,  ..., 0., 0., 0.]]])",plate from table to sink,"Since cutting_board from kitchen_counter to table
Since wine_glass from sink to cupboard
Since spoon from cookingpot to plate
"
2,88,tensor([1260.]),"tensor([[[0., 0., 0.,  ..., 0., 0., 0.],
         [1., 0., 0.,  ..., 0., 0., 0.],
         [1., 0., 0.,  ..., 0., 0., 0.],
         ...,
         [0., 0., 0.,  ..., 0., 0., 0.],
         [0., 0., 0.,  ..., 0., 0., 0.],
         [0., 0., 0.,  ..., 0., 0., 0.]]])",spoon from plate to sink,"Since wine_glass from sink to cupboard
Since plate from table to sink
Since spoon from cookingpot to plate
"
2,92,tensor([1300.]),"tensor([[[0., 0., 0.,  ..., 0., 0., 0.],
         [1., 0., 0.,  ..., 0., 0., 0.],
         [1., 0., 0.,  ..., 0., 0., 0.],
         ...,
         [0., 0., 0.,  ..., 0., 0., 0.],
         [0., 0., 0.,  ..., 0., 0., 0.],
         [0., 0., 0.,  ..., 0., 0., 0.]]])",cookingpot from sink to cupboard,"Since wine_glass from sink to cupboard
Since plate from sink to cupboard
"
2,92,tensor([1300.]),"tensor([[[0., 0., 0.,  ..., 0., 0., 0.],
         [1., 0., 0.,  ..., 0., 0., 0.],
         [1., 0., 0.,  ..., 0., 0., 0.],
         ...,
         [0., 0., 0.,  ..., 0., 0., 0.],
         [0., 0., 0.,  ..., 0., 0., 0.],
         [0., 0., 0.,  ..., 0., 0., 0.]]])",spoon from sink to cupboard,"Since plate from sink to cupboard
"
2,93,tensor([1310.]),"tensor([[[0., 0., 0.,  ..., 0., 0., 0.],
         [1., 0., 0.,  ..., 0., 0., 0.],
         [1., 0., 0.,  ..., 0., 0., 0.],
         ...,
         [0., 0., 0.,  ..., 0., 0., 0.],
         [0., 0., 0.,  ..., 0., 0., 0.],
         [0., 0., 0.,  ..., 0., 0., 0.]]])",cookingpot from sink to cupboard,"Since plate from sink to cupboard
"
0,55,tensor([930.]),"tensor([[[0., 0., 0.,  ..., 0., 0., 0.],
         [1., 0., 0.,  ..., 0., 0., 0.],
         [1., 0., 0.,  ..., 0., 0., 0.],
         ...,
         [0., 0., 0.,  ..., 0., 0., 0.],
         [0., 0., 0.,  ..., 0., 0., 0.],
         [0., 0., 0.,  ..., 0., 0., 0.]]])",chessboard from bookshelf to table,"Since cutting_board from kitchen_counter to table
"
0,55,tensor([930.]),"tensor([[[0., 0., 0.,  ..., 0., 0., 0.],
         [1., 0., 0.,  ..., 0., 0., 0.],
         [1., 0., 0.,  ..., 0., 0., 0.],
         ...,
         [0., 0., 0.,  ..., 0., 0., 0.],
         [0., 0., 0.,  ..., 0., 0., 0.],
         [0., 0., 0.,  ..., 0., 0., 0.]]])",deck_of_cards from bookshelf to table,"Since cutting_board from kitchen_counter to table
"
0,55,tensor([930.]),"tensor([[[0., 0., 0.,  ..., 0., 0., 0.],
         [1., 0., 0.,  ..., 0., 0., 0.],
         [1., 0., 0.,  ..., 0., 0., 0.],
         ...,
         [0., 0., 0.,  ..., 0., 0., 0.],
         [0., 0., 0.,  ..., 0., 0., 0.],
         [0., 0., 0.,  ..., 0., 0., 0.]]])",wine_glass from cupboard to table,"Since cutting_board from kitchen_counter to table
"
0,61,tensor([990.]),"tensor([[[0., 0., 0.,  ..., 0., 0., 0.],
         [1., 0., 0.,  ..., 0., 0., 0.],
         [1., 0., 0.,  ..., 0., 0., 0.],
         ...,
         [0., 0., 0.,  ..., 0., 0., 0.],
         [0., 0., 0.,  ..., 0., 0., 0.],
         [0., 0., 0.,  ..., 0., 0., 0.]]])",chessboard from table to bookshelf,"Since chessboard from bookshelf to table
Since wine_glass from table to sink
"
0,61,tensor([990.]),"tensor([[[0., 0., 0.,  ..., 0., 0., 0.],
         [1., 0., 0.,  ..., 0., 0., 0.],
         [1., 0., 0.,  ..., 0., 0., 0.],
         ...,
         [0., 0., 0.,  ..., 0., 0., 0.],
         [0., 0., 0.,  ..., 0., 0., 0.],
         [0., 0., 0.,  ..., 0., 0., 0.]]])",deck_of_cards from table to bookshelf,"Since deck_of_cards from bookshelf to table
Since wine_glass from table to sink
"
0,61,tensor([990.]),"tensor([[[0., 0., 0.,  ..., 0., 0., 0.],
         [1., 0., 0.,  ..., 0., 0., 0.],
         [1., 0., 0.,  ..., 0., 0., 0.],
         ...,
         [0., 0., 0.,  ..., 0., 0., 0.],
         [0., 0., 0.,  ..., 0., 0., 0.],
         [0., 0., 0.,  ..., 0., 0., 0.]]])",wine_glass from sink to cupboard,"Since wine_glass from table to sink
"
0,78,tensor([1160.]),"tensor([[[0., 0., 0.,  ..., 0., 0., 0.],
         [1., 0., 0.,  ..., 0., 0., 0.],
         [1., 0., 0.,  ..., 0., 0., 0.],
         ...,
         [0., 0., 0.,  ..., 0., 0., 0.],
         [0., 0., 0.,  ..., 0., 0., 0.],
         [0., 0., 0.,  ..., 0., 0., 0.]]])",vacuum_cleaner from bedroom to home_office,"Since vacuum_cleaner from kitchen_cabinet to bedroom
"
0,100,tensor([1380.]),"tensor([[[0., 0., 0.,  ..., 0., 0., 0.],
         [1., 0., 0.,  ..., 0., 0., 0.],
         [1., 0., 0.,  ..., 0., 0., 0.],
         ...,
         [0., 0., 0.,  ..., 0., 0., 0.],
         [0., 0., 0.,  ..., 0., 0., 0.],
         [0., 0., 0.,  ..., 0., 0., 0.]]])",cookingpot from cupboard to kitchen_counter,"Since drinking_glass from desk to cupboard
Since cutting_board from kitchen_counter to table
Since wine_glass from sink to cupboard
Since wine from table to kitchen_counter
"
0,100,tensor([1380.]),"tensor([[[0., 0., 0.,  ..., 0., 0., 0.],
         [1., 0., 0.,  ..., 0., 0., 0.],
         [1., 0., 0.,  ..., 0., 0., 0.],
         ...,
         [0., 0., 0.,  ..., 0., 0., 0.],
         [0., 0., 0.,  ..., 0., 0., 0.],
         [0., 0., 0.,  ..., 0., 0., 0.]]])",food_rice from cupboard to kitchen_counter,"Since drinking_glass from desk to cupboard
Since cutting_board from kitchen_counter to table
Since wine_glass from sink to cupboard
Since wine from table to kitchen_counter
"
0,100,tensor([1380.]),"tensor([[[0., 0., 0.,  ..., 0., 0., 0.],
         [1., 0., 0.,  ..., 0., 0., 0.],
         [1., 0., 0.,  ..., 0., 0., 0.],
         ...,
         [0., 0., 0.,  ..., 0., 0., 0.],
         [0., 0., 0.,  ..., 0., 0., 0.],
         [0., 0., 0.,  ..., 0., 0., 0.]]])",oil from cupboard to kitchen_counter,"Since drinking_glass from desk to cupboard
Since cutting_board from kitchen_counter to table
Since wine_glass from sink to cupboard
Since wine from table to kitchen_counter
"
0,103,tensor([1410.]),"tensor([[[0., 0., 0.,  ..., 0., 0., 0.],
         [1., 0., 0.,  ..., 0., 0., 0.],
         [1., 0., 0.,  ..., 0., 0., 0.],
         ...,
         [0., 0., 0.,  ..., 0., 0., 0.],
         [0., 0., 0.,  ..., 0., 0., 0.],
         [0., 0., 0.,  ..., 0., 0., 0.]]])",oil from cupboard to kitchen_counter,"Since drinking_glass from desk to cupboard
Since cutting_board from kitchen_counter to table
Since wine_glass from sink to cupboard
Since wine from table to kitchen_counter
"
0,104,tensor([1420.]),"tensor([[[0., 0., 0.,  ..., 0., 0., 0.],
         [1., 0., 0.,  ..., 0., 0., 0.],
         [1., 0., 0.,  ..., 0., 0., 0.],
         ...,
         [0., 0., 0.,  ..., 0., 0., 0.],
         [0., 0., 0.,  ..., 0., 0., 0.],
         [0., 0., 0.,  ..., 0., 0., 0.]]])",cookingpot from cupboard to kitchen_counter,"Since drinking_glass from desk to cupboard
Since cutting_board from kitchen_counter to table
Since wine_glass from sink to cupboard
Since wine from table to kitchen_counter
"
0,104,tensor([1420.]),"tensor([[[0., 0., 0.,  ..., 0., 0., 0.],
         [1., 0., 0.,  ..., 0., 0., 0.],
         [1., 0., 0.,  ..., 0., 0., 0.],
         ...,
         [0., 0., 0.,  ..., 0., 0., 0.],
         [0., 0., 0.,  ..., 0., 0., 0.],
         [0., 0., 0.,  ..., 0., 0., 0.]]])",oil from cupboard to kitchen_counter,"Since drinking_glass from desk to cupboard
Since cutting_board from kitchen_counter to table
Since wine_glass from sink to cupboard
Since wine from table to kitchen_counter
"
0,105,tensor([1430.]),"tensor([[[0., 0., 0.,  ..., 0., 0., 0.],
         [1., 0., 0.,  ..., 0., 0., 0.],
         [1., 0., 0.,  ..., 0., 0., 0.],
         ...,
         [0., 0., 0.,  ..., 0., 0., 0.],
         [0., 0., 0.,  ..., 0., 0., 0.],
         [0., 0., 0.,  ..., 0., 0., 0.]]])",oil from cupboard to kitchen_counter,"Since drinking_glass from desk to cupboard
Since cutting_board from kitchen_counter to table
Since wine_glass from sink to cupboard
"
0,106,tensor([1440.]),"tensor([[[0., 0., 0.,  ..., 0., 0., 0.],
         [1., 0., 0.,  ..., 0., 0., 0.],
         [1., 0., 0.,  ..., 0., 0., 0.],
         ...,
         [0., 0., 0.,  ..., 0., 0., 0.],
         [0., 0., 0.,  ..., 0., 0., 0.],
         [0., 0., 0.,  ..., 0., 0., 0.]]])",cookingpot from cupboard to kitchen_counter,"Since drinking_glass from desk to cupboard
Since wine_glass from sink to cupboard
Since wine from table to kitchen_counter
"
0,106,tensor([1440.]),"tensor([[[0., 0., 0.,  ..., 0., 0., 0.],
         [1., 0., 0.,  ..., 0., 0., 0.],
         [1., 0., 0.,  ..., 0., 0., 0.],
         ...,
         [0., 0., 0.,  ..., 0., 0., 0.],
         [0., 0., 0.,  ..., 0., 0., 0.],
         [0., 0., 0.,  ..., 0., 0., 0.]]])",food_rice from cupboard to kitchen_counter,"Since drinking_glass from desk to cupboard
Since wine_glass from sink to cupboard
Since wine from table to kitchen_counter
"
0,106,tensor([1440.]),"tensor([[[0., 0., 0.,  ..., 0., 0., 0.],
         [1., 0., 0.,  ..., 0., 0., 0.],
         [1., 0., 0.,  ..., 0., 0., 0.],
         ...,
         [0., 0., 0.,  ..., 0., 0., 0.],
         [0., 0., 0.,  ..., 0., 0., 0.],
         [0., 0., 0.,  ..., 0., 0., 0.]]])",oil from cupboard to kitchen_counter,"Since wine_glass from sink to cupboard
Since wine from table to kitchen_counter
"
0,107,tensor([1450.]),"tensor([[[0., 0., 0.,  ..., 0., 0., 0.],
         [1., 0., 0.,  ..., 0., 0., 0.],
         [1., 0., 0.,  ..., 0., 0., 0.],
         ...,
         [0., 0., 0.,  ..., 0., 0., 0.],
         [0., 0., 0.,  ..., 0., 0., 0.],
         [0., 0., 0.,  ..., 0., 0., 0.]]])",oil from cupboard to kitchen_counter,"Since drinking_glass from desk to cupboard
Since cutting_board from kitchen_counter to table
Since wine_glass from sink to cupboard
Since wine from table to kitchen_counter
"
0,109,tensor([1470.]),"tensor([[[0., 0., 0.,  ..., 0., 0., 0.],
         [1., 0., 0.,  ..., 0., 0., 0.],
         [1., 0., 0.,  ..., 0., 0., 0.],
         ...,
         [0., 0., 0.,  ..., 0., 0., 0.],
         [0., 0., 0.,  ..., 0., 0., 0.],
         [0., 0., 0.,  ..., 0., 0., 0.]]])",food_rice from cupboard to kitchen_counter,"Since drinking_glass from desk to cupboard
Since cutting_board from kitchen_counter to table
Since wine_glass from sink to cupboard
Since wine from table to kitchen_counter
"
0,109,tensor([1470.]),"tensor([[[0., 0., 0.,  ..., 0., 0., 0.],
         [1., 0., 0.,  ..., 0., 0., 0.],
         [1., 0., 0.,  ..., 0., 0., 0.],
         ...,
         [0., 0., 0.,  ..., 0., 0., 0.],
         [0., 0., 0.,  ..., 0., 0., 0.],
         [0., 0., 0.,  ..., 0., 0., 0.]]])",oil from cupboard to kitchen_counter,"Since drinking_glass from desk to cupboard
Since wine_glass from sink to cupboard
"
4,17,tensor([560.]),"tensor([[[0., 0., 0.,  ..., 0., 0., 0.],
         [1., 0., 0.,  ..., 0., 0., 0.],
         [1., 0., 0.,  ..., 0., 0., 0.],
         ...,
         [0., 0., 0.,  ..., 0., 0., 0.],
         [0., 0., 0.,  ..., 0., 0., 0.],
         [0., 0., 0.,  ..., 0., 0., 0.]]])",spoon from cupboard to bowl,"Since bowl from cupboard to table
"
4,17,tensor([560.]),"tensor([[[0., 0., 0.,  ..., 0., 0., 0.],
         [1., 0., 0.,  ..., 0., 0., 0.],
         [1., 0., 0.,  ..., 0., 0., 0.],
         ...,
         [0., 0., 0.,  ..., 0., 0., 0.],
         [0., 0., 0.,  ..., 0., 0., 0.],
         [0., 0., 0.,  ..., 0., 0., 0.]]])",food_cereal from cupboard to table,"Since drinking_glass from desk to cupboard
Since bowl from cupboard to table
"
4,18,tensor([570.]),"tensor([[[0., 0., 0.,  ..., 0., 0., 0.],
         [1., 0., 0.,  ..., 0., 0., 0.],
         [1., 0., 0.,  ..., 0., 0., 0.],
         ...,
         [0., 0., 0.,  ..., 0., 0., 0.],
         [0., 0., 0.,  ..., 0., 0., 0.],
         [0., 0., 0.,  ..., 0., 0., 0.]]])",food_cereal from table to cupboard,
4,18,tensor([570.]),"tensor([[[0., 0., 0.,  ..., 0., 0., 0.],
         [1., 0., 0.,  ..., 0., 0., 0.],
         [1., 0., 0.,  ..., 0., 0., 0.],
         ...,
         [0., 0., 0.,  ..., 0., 0., 0.],
         [0., 0., 0.,  ..., 0., 0., 0.],
         [0., 0., 0.,  ..., 0., 0., 0.]]])",milk from table to fridge,"Since milk from fridge to table
"
4,19,tensor([580.]),"tensor([[[0., 0., 0.,  ..., 0., 0., 0.],
         [1., 0., 0.,  ..., 0., 0., 0.],
         [1., 0., 0.,  ..., 0., 0., 0.],
         ...,
         [0., 0., 0.,  ..., 0., 0., 0.],
         [0., 0., 0.,  ..., 0., 0., 0.],
         [0., 0., 0.,  ..., 0., 0., 0.]]])",bowl from table to cupboard,"Since spoon from cupboard to bowl
"
4,38,tensor([770.]),"tensor([[[0., 0., 0.,  ..., 0., 0., 0.],
         [1., 0., 0.,  ..., 0., 0., 0.],
         [1., 0., 0.,  ..., 0., 0., 0.],
         ...,
         [0., 0., 0.,  ..., 0., 0., 0.],
         [0., 0., 0.,  ..., 0., 0., 0.],
         [0., 0., 0.,  ..., 0., 0., 0.]]])",chessboard from bookshelf to table,"Since cutting_board from kitchen_counter to table
"
4,38,tensor([770.]),"tensor([[[0., 0., 0.,  ..., 0., 0., 0.],
         [1., 0., 0.,  ..., 0., 0., 0.],
         [1., 0., 0.,  ..., 0., 0., 0.],
         ...,
         [0., 0., 0.,  ..., 0., 0., 0.],
         [0., 0., 0.,  ..., 0., 0., 0.],
         [0., 0., 0.,  ..., 0., 0., 0.]]])",deck_of_cards from bookshelf to table,"Since cutting_board from kitchen_counter to table
"
4,38,tensor([770.]),"tensor([[[0., 0., 0.,  ..., 0., 0., 0.],
         [1., 0., 0.,  ..., 0., 0., 0.],
         [1., 0., 0.,  ..., 0., 0., 0.],
         ...,
         [0., 0., 0.,  ..., 0., 0., 0.],
         [0., 0., 0.,  ..., 0., 0., 0.],
         [0., 0., 0.,  ..., 0., 0., 0.]]])",wine_glass from cupboard to table,"Since cutting_board from kitchen_counter to table
"
4,53,tensor([920.]),"tensor([[[0., 0., 0.,  ..., 0., 0., 0.],
         [1., 0., 0.,  ..., 0., 0., 0.],
         [1., 0., 0.,  ..., 0., 0., 0.],
         ...,
         [0., 0., 0.,  ..., 0., 0., 0.],
         [0., 0., 0.,  ..., 0., 0., 0.],
         [0., 0., 0.,  ..., 0., 0., 0.]]])",chessboard from table to bookshelf,"Since bowl from table to cupboard
Since food_cereal from table to cupboard
Since chessboard from bookshelf to table
Since wine_glass from table to sink
"
4,53,tensor([920.]),"tensor([[[0., 0., 0.,  ..., 0., 0., 0.],
         [1., 0., 0.,  ..., 0., 0., 0.],
         [1., 0., 0.,  ..., 0., 0., 0.],
         ...,
         [0., 0., 0.,  ..., 0., 0., 0.],
         [0., 0., 0.,  ..., 0., 0., 0.],
         [0., 0., 0.,  ..., 0., 0., 0.]]])",deck_of_cards from table to bookshelf,"Since bowl from table to cupboard
Since food_cereal from table to cupboard
Since deck_of_cards from bookshelf to table
Since wine_glass from table to sink
"
4,53,tensor([920.]),"tensor([[[0., 0., 0.,  ..., 0., 0., 0.],
         [1., 0., 0.,  ..., 0., 0., 0.],
         [1., 0., 0.,  ..., 0., 0., 0.],
         ...,
         [0., 0., 0.,  ..., 0., 0., 0.],
         [0., 0., 0.,  ..., 0., 0., 0.],
         [0., 0., 0.,  ..., 0., 0., 0.]]])",wine from table to kitchen_counter,"Since cutting_board from kitchen_counter to table
Since food_donut from kitchen_counter to trashbag
"
4,99,tensor([1380.]),"tensor([[[0., 0., 0.,  ..., 0., 0., 0.],
         [1., 0., 0.,  ..., 0., 0., 0.],
         [1., 0., 0.,  ..., 0., 0., 0.],
         ...,
         [0., 0., 0.,  ..., 0., 0., 0.],
         [0., 0., 0.,  ..., 0., 0., 0.],
         [0., 0., 0.,  ..., 0., 0., 0.]]])",book from sofa to bookshelf,
4,99,tensor([1380.]),"tensor([[[0., 0., 0.,  ..., 0., 0., 0.],
         [1., 0., 0.,  ..., 0., 0., 0.],
         [1., 0., 0.,  ..., 0., 0., 0.],
         ...,
         [0., 0., 0.,  ..., 0., 0., 0.],
         [0., 0., 0.,  ..., 0., 0., 0.],
         [0., 0., 0.,  ..., 0., 0., 0.]]])",cookingpot from cupboard to kitchen_counter,"Since drinking_glass from desk to cupboard
Since bowl from table to cupboard
Since spoon from sink to cupboard
Since food_cereal from table to cupboard
Since milk from table to fridge
Since cutting_board from kitchen_counter to table
Since wine_glass from sink to cupboard
Since wine from table to kitchen_counter
"
4,99,tensor([1380.]),"tensor([[[0., 0., 0.,  ..., 0., 0., 0.],
         [1., 0., 0.,  ..., 0., 0., 0.],
         [1., 0., 0.,  ..., 0., 0., 0.],
         ...,
         [0., 0., 0.,  ..., 0., 0., 0.],
         [0., 0., 0.,  ..., 0., 0., 0.],
         [0., 0., 0.,  ..., 0., 0., 0.]]])",food_rice from cupboard to kitchen_counter,"Since drinking_glass from desk to cupboard
Since spoon from sink to cupboard
Since milk from table to fridge
Since cutting_board from kitchen_counter to table
Since wine_glass from sink to cupboard
Since wine from table to kitchen_counter
"
4,99,tensor([1380.]),"tensor([[[0., 0., 0.,  ..., 0., 0., 0.],
         [1., 0., 0.,  ..., 0., 0., 0.],
         [1., 0., 0.,  ..., 0., 0., 0.],
         ...,
         [0., 0., 0.,  ..., 0., 0., 0.],
         [0., 0., 0.,  ..., 0., 0., 0.],
         [0., 0., 0.,  ..., 0., 0., 0.]]])",oil from cupboard to kitchen_counter,"Since drinking_glass from desk to cupboard
Since spoon from sink to cupboard
Since cutting_board from kitchen_counter to table
Since wine_glass from sink to cupboard
Since wine from table to kitchen_counter
"
4,101,tensor([1400.]),"tensor([[[0., 0., 0.,  ..., 0., 0., 0.],
         [1., 0., 0.,  ..., 0., 0., 0.],
         [1., 0., 0.,  ..., 0., 0., 0.],
         ...,
         [0., 0., 0.,  ..., 0., 0., 0.],
         [0., 0., 0.,  ..., 0., 0., 0.],
         [0., 0., 0.,  ..., 0., 0., 0.]]])",food_rice from cupboard to kitchen_counter,"Since plate from cupboard to kitchen_counter
"
4,101,tensor([1400.]),"tensor([[[0., 0., 0.,  ..., 0., 0., 0.],
         [1., 0., 0.,  ..., 0., 0., 0.],
         [1., 0., 0.,  ..., 0., 0., 0.],
         ...,
         [0., 0., 0.,  ..., 0., 0., 0.],
         [0., 0., 0.,  ..., 0., 0., 0.],
         [0., 0., 0.,  ..., 0., 0., 0.]]])",food_vegetable from fridge to kitchen_counter,"Since cutting_board from kitchen_counter to table
Since wine_glass from sink to cupboard
Since wine from table to kitchen_counter
Since oil from cupboard to kitchen_counter
Since plate from cupboard to kitchen_counter
"
4,101,tensor([1400.]),"tensor([[[0., 0., 0.,  ..., 0., 0., 0.],
         [1., 0., 0.,  ..., 0., 0., 0.],
         [1., 0., 0.,  ..., 0., 0., 0.],
         ...,
         [0., 0., 0.,  ..., 0., 0., 0.],
         [0., 0., 0.,  ..., 0., 0., 0.],
         [0., 0., 0.,  ..., 0., 0., 0.]]])",oil from kitchen_counter to cookingpot,"Since cookingpot from cupboard to kitchen_counter
Since oil from cupboard to kitchen_counter
"
4,102,tensor([1410.]),"tensor([[[0., 0., 0.,  ..., 0., 0., 0.],
         [1., 0., 0.,  ..., 0., 0., 0.],
         [1., 0., 0.,  ..., 0., 0., 0.],
         ...,
         [0., 0., 0.,  ..., 0., 0., 0.],
         [0., 0., 0.,  ..., 0., 0., 0.],
         [0., 0., 0.,  ..., 0., 0., 0.]]])",food_rice from kitchen_counter to cookingpot,"Since milk from table to fridge
Since cookingpot from cupboard to kitchen_counter
Since oil from kitchen_counter to cookingpot
Since food_rice from cupboard to kitchen_counter
"
4,102,tensor([1410.]),"tensor([[[0., 0., 0.,  ..., 0., 0., 0.],
         [1., 0., 0.,  ..., 0., 0., 0.],
         [1., 0., 0.,  ..., 0., 0., 0.],
         ...,
         [0., 0., 0.,  ..., 0., 0., 0.],
         [0., 0., 0.,  ..., 0., 0., 0.],
         [0., 0., 0.,  ..., 0., 0., 0.]]])",food_vegetable from kitchen_counter to cookingpot,"Since cookingpot from cupboard to kitchen_counter
Since oil from kitchen_counter to cookingpot
"
4,103,tensor([1420.]),"tensor([[[0., 0., 0.,  ..., 0., 0., 0.],
         [1., 0., 0.,  ..., 0., 0., 0.],
         [1., 0., 0.,  ..., 0., 0., 0.],
         ...,
         [0., 0., 0.,  ..., 0., 0., 0.],
         [0., 0., 0.,  ..., 0., 0., 0.],
         [0., 0., 0.,  ..., 0., 0., 0.]]])",cookingpot from stove to table,"Since cutting_board from kitchen_counter to table
Since wine_glass from sink to cupboard
Since cookingpot from kitchen_counter to stove
Since plate from cupboard to kitchen_counter
"
4,103,tensor([1420.]),"tensor([[[0., 0., 0.,  ..., 0., 0., 0.],
         [1., 0., 0.,  ..., 0., 0., 0.],
         [1., 0., 0.,  ..., 0., 0., 0.],
         ...,
         [0., 0., 0.,  ..., 0., 0., 0.],
         [0., 0., 0.,  ..., 0., 0., 0.],
         [0., 0., 0.,  ..., 0., 0., 0.]]])",spoon from cupboard to plate,"Since drinking_glass from desk to cupboard
Since bowl from table to cupboard
Since spoon from sink to cupboard
Since cookingpot from kitchen_counter to stove
Since plate from cupboard to kitchen_counter
Since food_vegetable from kitchen_counter to cookingpot
"
4,104,tensor([1430.]),"tensor([[[0., 0., 0.,  ..., 0., 0., 0.],
         [1., 0., 0.,  ..., 0., 0., 0.],
         [1., 0., 0.,  ..., 0., 0., 0.],
         ...,
         [0., 0., 0.,  ..., 0., 0., 0.],
         [0., 0., 0.,  ..., 0., 0., 0.],
         [0., 0., 0.,  ..., 0., 0., 0.]]])",cookingpot from table to stove,"Since milk from table to fridge
Since cutting_board from kitchen_counter to table
Since food_cheese from cutting_board to fridge
Since chessboard from table to bookshelf
Since wine from table to kitchen_counter
Since cookingpot from stove to table
Since oil from kitchen_counter to cookingpot
Since food_vegetable from kitchen_counter to cookingpot
"
4,105,tensor([1440.]),"tensor([[[0., 0., 0.,  ..., 0., 0., 0.],
         [1., 0., 0.,  ..., 0., 0., 0.],
         [1., 0., 0.,  ..., 0., 0., 0.],
         ...,
         [0., 0., 0.,  ..., 0., 0., 0.],
         [0., 0., 0.,  ..., 0., 0., 0.],
         [0., 0., 0.,  ..., 0., 0., 0.]]])",cookingpot from table to sink,"Since plate from table to sink
"
4,105,tensor([1440.]),"tensor([[[0., 0., 0.,  ..., 0., 0., 0.],
         [1., 0., 0.,  ..., 0., 0., 0.],
         [1., 0., 0.,  ..., 0., 0., 0.],
         ...,
         [0., 0., 0.,  ..., 0., 0., 0.],
         [0., 0., 0.,  ..., 0., 0., 0.],
         [0., 0., 0.,  ..., 0., 0., 0.]]])",spoon from plate to sink,"Since spoon from cupboard to plate
Since wine_glass from sink to cupboard
Since plate from table to sink
"
4,106,tensor([1450.]),"tensor([[[0., 0., 0.,  ..., 0., 0., 0.],
         [1., 0., 0.,  ..., 0., 0., 0.],
         [1., 0., 0.,  ..., 0., 0., 0.],
         ...,
         [0., 0., 0.,  ..., 0., 0., 0.],
         [0., 0., 0.,  ..., 0., 0., 0.],
         [0., 0., 0.,  ..., 0., 0., 0.]]])",spoon from plate to sink,"Since spoon from cupboard to plate
Since wine_glass from sink to cupboard
Since plate from table to sink
"
4,111,tensor([1500.]),"tensor([[[0., 0., 0.,  ..., 0., 0., 0.],
         [1., 0., 0.,  ..., 0., 0., 0.],
         [1., 0., 0.,  ..., 0., 0., 0.],
         ...,
         [0., 0., 0.,  ..., 0., 0., 0.],
         [0., 0., 0.,  ..., 0., 0., 0.],
         [0., 0., 0.,  ..., 0., 0., 0.]]])",cookingpot from sink to cupboard,"Since bowl from table to cupboard
Since plate from sink to cupboard
"
5,42,tensor([800.]),"tensor([[[0., 0., 0.,  ..., 0., 0., 0.],
         [1., 0., 0.,  ..., 0., 0., 0.],
         [1., 0., 0.,  ..., 0., 0., 0.],
         ...,
         [0., 0., 0.,  ..., 0., 0., 0.],
         [0., 0., 0.,  ..., 0., 0., 0.],
         [0., 0., 0.,  ..., 0., 0., 0.]]])",chessboard from bookshelf to table,"Since cutting_board from kitchen_counter to table
Since food_cheese from fridge to cutting_board
"
5,42,tensor([800.]),"tensor([[[0., 0., 0.,  ..., 0., 0., 0.],
         [1., 0., 0.,  ..., 0., 0., 0.],
         [1., 0., 0.,  ..., 0., 0., 0.],
         ...,
         [0., 0., 0.,  ..., 0., 0., 0.],
         [0., 0., 0.,  ..., 0., 0., 0.],
         [0., 0., 0.,  ..., 0., 0., 0.]]])",deck_of_cards from bookshelf to table,"Since cutting_board from kitchen_counter to table
Since food_cheese from fridge to cutting_board
"
5,42,tensor([800.]),"tensor([[[0., 0., 0.,  ..., 0., 0., 0.],
         [1., 0., 0.,  ..., 0., 0., 0.],
         [1., 0., 0.,  ..., 0., 0., 0.],
         ...,
         [0., 0., 0.,  ..., 0., 0., 0.],
         [0., 0., 0.,  ..., 0., 0., 0.],
         [0., 0., 0.,  ..., 0., 0., 0.]]])",wine_glass from cupboard to table,"Since cutting_board from kitchen_counter to table
Since food_cheese from fridge to cutting_board
"
5,48,tensor([860.]),"tensor([[[0., 0., 0.,  ..., 0., 0., 0.],
         [1., 0., 0.,  ..., 0., 0., 0.],
         [1., 0., 0.,  ..., 0., 0., 0.],
         ...,
         [0., 0., 0.,  ..., 0., 0., 0.],
         [0., 0., 0.,  ..., 0., 0., 0.],
         [0., 0., 0.,  ..., 0., 0., 0.]]])",chessboard from table to bookshelf,"Since chessboard from bookshelf to table
Since wine_glass from table to sink
"
5,48,tensor([860.]),"tensor([[[0., 0., 0.,  ..., 0., 0., 0.],
         [1., 0., 0.,  ..., 0., 0., 0.],
         [1., 0., 0.,  ..., 0., 0., 0.],
         ...,
         [0., 0., 0.,  ..., 0., 0., 0.],
         [0., 0., 0.,  ..., 0., 0., 0.],
         [0., 0., 0.,  ..., 0., 0., 0.]]])",deck_of_cards from table to bookshelf,"Since deck_of_cards from bookshelf to table
Since wine_glass from table to sink
"
5,48,tensor([860.]),"tensor([[[0., 0., 0.,  ..., 0., 0., 0.],
         [1., 0., 0.,  ..., 0., 0., 0.],
         [1., 0., 0.,  ..., 0., 0., 0.],
         ...,
         [0., 0., 0.,  ..., 0., 0., 0.],
         [0., 0., 0.,  ..., 0., 0., 0.],
         [0., 0., 0.,  ..., 0., 0., 0.]]])",wine_glass from sink to cupboard,"Since wine_glass from table to sink
"
5,52,tensor([900.]),"tensor([[[0., 0., 0.,  ..., 0., 0., 0.],
         [1., 0., 0.,  ..., 0., 0., 0.],
         [1., 0., 0.,  ..., 0., 0., 0.],
         ...,
         [0., 0., 0.,  ..., 0., 0., 0.],
         [0., 0., 0.,  ..., 0., 0., 0.],
         [0., 0., 0.,  ..., 0., 0., 0.]]])",vacuum_cleaner from bedroom to home_office,"Since vacuum_cleaner from kitchen_cabinet to bedroom
"
5,53,tensor([910.]),"tensor([[[0., 0., 0.,  ..., 0., 0., 0.],
         [1., 0., 0.,  ..., 0., 0., 0.],
         [1., 0., 0.,  ..., 0., 0., 0.],
         ...,
         [0., 0., 0.,  ..., 0., 0., 0.],
         [0., 0., 0.,  ..., 0., 0., 0.],
         [0., 0., 0.,  ..., 0., 0., 0.]]])",vacuum_cleaner from home_office to kitchen_cabinet,"Since vacuum_cleaner from bedroom to home_office
"
5,79,tensor([1170.]),"tensor([[[0., 0., 0.,  ..., 0., 0., 0.],
         [1., 0., 0.,  ..., 0., 0., 0.],
         [1., 0., 0.,  ..., 0., 0., 0.],
         ...,
         [0., 0., 0.,  ..., 0., 0., 0.],
         [0., 0., 0.,  ..., 0., 0., 0.],
         [0., 0., 0.,  ..., 0., 0., 0.]]])",vacuum_cleaner from bedroom to home_office,"Since vacuum_cleaner from kitchen_cabinet to bedroom
"
5,80,tensor([1180.]),"tensor([[[0., 0., 0.,  ..., 0., 0., 0.],
         [1., 0., 0.,  ..., 0., 0., 0.],
         [1., 0., 0.,  ..., 0., 0., 0.],
         ...,
         [0., 0., 0.,  ..., 0., 0., 0.],
         [0., 0., 0.,  ..., 0., 0., 0.],
         [0., 0., 0.,  ..., 0., 0., 0.]]])",vacuum_cleaner from home_office to dining_room,"Since wine_glass from sink to cupboard
Since wine from table to kitchen_counter
Since vacuum_cleaner from bedroom to home_office
"
5,101,tensor([1390.]),"tensor([[[0., 0., 0.,  ..., 0., 0., 0.],
         [1., 0., 0.,  ..., 0., 0., 0.],
         [1., 0., 0.,  ..., 0., 0., 0.],
         ...,
         [0., 0., 0.,  ..., 0., 0., 0.],
         [0., 0., 0.,  ..., 0., 0., 0.],
         [0., 0., 0.,  ..., 0., 0., 0.]]])",bag from desk to dresser,
5,103,tensor([1410.]),"tensor([[[0., 0., 0.,  ..., 0., 0., 0.],
         [1., 0., 0.,  ..., 0., 0., 0.],
         [1., 0., 0.,  ..., 0., 0., 0.],
         ...,
         [0., 0., 0.,  ..., 0., 0., 0.],
         [0., 0., 0.,  ..., 0., 0., 0.],
         [0., 0., 0.,  ..., 0., 0., 0.]]])",oil from cupboard to kitchen_counter,"Since drinking_glass from desk to cupboard
Since cutting_board from kitchen_counter to table
Since wine_glass from sink to cupboard
Since wine from table to kitchen_counter
"
5,104,tensor([1420.]),"tensor([[[0., 0., 0.,  ..., 0., 0., 0.],
         [1., 0., 0.,  ..., 0., 0., 0.],
         [1., 0., 0.,  ..., 0., 0., 0.],
         ...,
         [0., 0., 0.,  ..., 0., 0., 0.],
         [0., 0., 0.,  ..., 0., 0., 0.],
         [0., 0., 0.,  ..., 0., 0., 0.]]])",cookingpot from cupboard to kitchen_counter,"Since drinking_glass from desk to cupboard
Since cutting_board from kitchen_counter to table
Since wine_glass from sink to cupboard
Since wine from table to kitchen_counter
"
5,104,tensor([1420.]),"tensor([[[0., 0., 0.,  ..., 0., 0., 0.],
         [1., 0., 0.,  ..., 0., 0., 0.],
         [1., 0., 0.,  ..., 0., 0., 0.],
         ...,
         [0., 0., 0.,  ..., 0., 0., 0.],
         [0., 0., 0.,  ..., 0., 0., 0.],
         [0., 0., 0.,  ..., 0., 0., 0.]]])",oil from cupboard to kitchen_counter,"Since drinking_glass from desk to cupboard
Since cutting_board from kitchen_counter to table
Since wine_glass from sink to cupboard
Since wine from table to kitchen_counter
"
5,105,tensor([1430.]),"tensor([[[0., 0., 0.,  ..., 0., 0., 0.],
         [1., 0., 0.,  ..., 0., 0., 0.],
         [1., 0., 0.,  ..., 0., 0., 0.],
         ...,
         [0., 0., 0.,  ..., 0., 0., 0.],
         [0., 0., 0.,  ..., 0., 0., 0.],
         [0., 0., 0.,  ..., 0., 0., 0.]]])",oil from cupboard to kitchen_counter,"Since drinking_glass from desk to cupboard
Since cutting_board from kitchen_counter to table
Since wine_glass from sink to cupboard
"
5,106,tensor([1440.]),"tensor([[[0., 0., 0.,  ..., 0., 0., 0.],
         [1., 0., 0.,  ..., 0., 0., 0.],
         [1., 0., 0.,  ..., 0., 0., 0.],
         ...,
         [0., 0., 0.,  ..., 0., 0., 0.],
         [0., 0., 0.,  ..., 0., 0., 0.],
         [0., 0., 0.,  ..., 0., 0., 0.]]])",cookingpot from cupboard to kitchen_counter,"Since drinking_glass from desk to cupboard
Since wine_glass from sink to cupboard
Since wine from table to kitchen_counter
"
5,106,tensor([1440.]),"tensor([[[0., 0., 0.,  ..., 0., 0., 0.],
         [1., 0., 0.,  ..., 0., 0., 0.],
         [1., 0., 0.,  ..., 0., 0., 0.],
         ...,
         [0., 0., 0.,  ..., 0., 0., 0.],
         [0., 0., 0.,  ..., 0., 0., 0.],
         [0., 0., 0.,  ..., 0., 0., 0.]]])",food_rice from cupboard to kitchen_counter,"Since drinking_glass from desk to cupboard
Since wine_glass from sink to cupboard
Since wine from table to kitchen_counter
"
5,106,tensor([1440.]),"tensor([[[0., 0., 0.,  ..., 0., 0., 0.],
         [1., 0., 0.,  ..., 0., 0., 0.],
         [1., 0., 0.,  ..., 0., 0., 0.],
         ...,
         [0., 0., 0.,  ..., 0., 0., 0.],
         [0., 0., 0.,  ..., 0., 0., 0.],
         [0., 0., 0.,  ..., 0., 0., 0.]]])",oil from cupboard to kitchen_counter,"Since wine_glass from sink to cupboard
Since wine from table to kitchen_counter
"
5,107,tensor([1450.]),"tensor([[[0., 0., 0.,  ..., 0., 0., 0.],
         [1., 0., 0.,  ..., 0., 0., 0.],
         [1., 0., 0.,  ..., 0., 0., 0.],
         ...,
         [0., 0., 0.,  ..., 0., 0., 0.],
         [0., 0., 0.,  ..., 0., 0., 0.],
         [0., 0., 0.,  ..., 0., 0., 0.]]])",oil from cupboard to kitchen_counter,"Since drinking_glass from desk to cupboard
Since cutting_board from kitchen_counter to table
Since wine_glass from sink to cupboard
Since wine from table to kitchen_counter
"
7,1,tensor([390.]),"tensor([[[0., 0., 0.,  ..., 0., 0., 0.],
         [1., 0., 0.,  ..., 0., 0., 0.],
         [1., 0., 0.,  ..., 0., 0., 0.],
         ...,
         [0., 0., 0.,  ..., 0., 0., 0.],
         [0., 0., 0.,  ..., 0., 0., 0.],
         [0., 0., 0.,  ..., 0., 0., 0.]]])",hairbrush from bathroom_cabinet to bathroom_counter,"Since conditioner from bathroom_cabinet to shower
Since facial_cleanser from bathroom_cabinet to shower
Since painkillers from kitchen_counter to bathroom_cabinet
Since shampoo from bathroom_cabinet to shower
"
7,12,tensor([500.]),"tensor([[[0., 0., 0.,  ..., 0., 0., 0.],
         [1., 0., 0.,  ..., 0., 0., 0.],
         [1., 0., 0.,  ..., 0., 0., 0.],
         ...,
         [0., 0., 0.,  ..., 0., 0., 0.],
         [0., 0., 0.,  ..., 0., 0., 0.],
         [0., 0., 0.,  ..., 0., 0., 0.]]])",spoon from cupboard to bowl,"Since bowl from cupboard to table
"
7,13,tensor([510.]),"tensor([[[0., 0., 0.,  ..., 0., 0., 0.],
         [1., 0., 0.,  ..., 0., 0., 0.],
         [1., 0., 0.,  ..., 0., 0., 0.],
         ...,
         [0., 0., 0.,  ..., 0., 0., 0.],
         [0., 0., 0.,  ..., 0., 0., 0.],
         [0., 0., 0.,  ..., 0., 0., 0.]]])",spoon from cupboard to bowl,"Since bowl from cupboard to table
"
7,13,tensor([510.]),"tensor([[[0., 0., 0.,  ..., 0., 0., 0.],
         [1., 0., 0.,  ..., 0., 0., 0.],
         [1., 0., 0.,  ..., 0., 0., 0.],
         ...,
         [0., 0., 0.,  ..., 0., 0., 0.],
         [0., 0., 0.,  ..., 0., 0., 0.],
         [0., 0., 0.,  ..., 0., 0., 0.]]])",food_cereal from table to cupboard,"Since painkillers from kitchen_counter to bathroom_cabinet
"
7,13,tensor([510.]),"tensor([[[0., 0., 0.,  ..., 0., 0., 0.],
         [1., 0., 0.,  ..., 0., 0., 0.],
         [1., 0., 0.,  ..., 0., 0., 0.],
         ...,
         [0., 0., 0.,  ..., 0., 0., 0.],
         [0., 0., 0.,  ..., 0., 0., 0.],
         [0., 0., 0.,  ..., 0., 0., 0.]]])",milk from table to fridge,
7,14,tensor([520.]),"tensor([[[0., 0., 0.,  ..., 0., 0., 0.],
         [1., 0., 0.,  ..., 0., 0., 0.],
         [1., 0., 0.,  ..., 0., 0., 0.],
         ...,
         [0., 0., 0.,  ..., 0., 0., 0.],
         [0., 0., 0.,  ..., 0., 0., 0.],
         [0., 0., 0.,  ..., 0., 0., 0.]]])",spoon from bowl to sink,"Since spoon from cupboard to bowl
"
7,14,tensor([520.]),"tensor([[[0., 0., 0.,  ..., 0., 0., 0.],
         [1., 0., 0.,  ..., 0., 0., 0.],
         [1., 0., 0.,  ..., 0., 0., 0.],
         ...,
         [0., 0., 0.,  ..., 0., 0., 0.],
         [0., 0., 0.,  ..., 0., 0., 0.],
         [0., 0., 0.,  ..., 0., 0., 0.]]])",bowl from table to sink,"Since bowl from cupboard to table
Since spoon from cupboard to bowl
"
7,14,tensor([520.]),"tensor([[[0., 0., 0.,  ..., 0., 0., 0.],
         [1., 0., 0.,  ..., 0., 0., 0.],
         [1., 0., 0.,  ..., 0., 0., 0.],
         ...,
         [0., 0., 0.,  ..., 0., 0., 0.],
         [0., 0., 0.,  ..., 0., 0., 0.],
         [0., 0., 0.,  ..., 0., 0., 0.]]])",food_cereal from table to cupboard,
7,14,tensor([520.]),"tensor([[[0., 0., 0.,  ..., 0., 0., 0.],
         [1., 0., 0.,  ..., 0., 0., 0.],
         [1., 0., 0.,  ..., 0., 0., 0.],
         ...,
         [0., 0., 0.,  ..., 0., 0., 0.],
         [0., 0., 0.,  ..., 0., 0., 0.],
         [0., 0., 0.,  ..., 0., 0., 0.]]])",milk from table to fridge,
7,15,tensor([530.]),"tensor([[[0., 0., 0.,  ..., 0., 0., 0.],
         [1., 0., 0.,  ..., 0., 0., 0.],
         [1., 0., 0.,  ..., 0., 0., 0.],
         ...,
         [0., 0., 0.,  ..., 0., 0., 0.],
         [0., 0., 0.,  ..., 0., 0., 0.],
         [0., 0., 0.,  ..., 0., 0., 0.]]])",spoon from bowl to sink,"Since bowl from table to sink
Since spoon from cupboard to bowl
"
7,15,tensor([530.]),"tensor([[[0., 0., 0.,  ..., 0., 0., 0.],
         [1., 0., 0.,  ..., 0., 0., 0.],
         [1., 0., 0.,  ..., 0., 0., 0.],
         ...,
         [0., 0., 0.,  ..., 0., 0., 0.],
         [0., 0., 0.,  ..., 0., 0., 0.],
         [0., 0., 0.,  ..., 0., 0., 0.]]])",bowl from sink to cupboard,"Since bowl from table to sink
"
7,19,tensor([570.]),"tensor([[[0., 0., 0.,  ..., 0., 0., 0.],
         [1., 0., 0.,  ..., 0., 0., 0.],
         [1., 0., 0.,  ..., 0., 0., 0.],
         ...,
         [0., 0., 0.,  ..., 0., 0., 0.],
         [0., 0., 0.,  ..., 0., 0., 0.],
         [0., 0., 0.,  ..., 0., 0., 0.]]])",drinking_glass from cupboard to desk,"Since spoon from sink to cupboard
"
7,48,tensor([860.]),"tensor([[[0., 0., 0.,  ..., 0., 0., 0.],
         [1., 0., 0.,  ..., 0., 0., 0.],
         [1., 0., 0.,  ..., 0., 0., 0.],
         ...,
         [0., 0., 0.,  ..., 0., 0., 0.],
         [0., 0., 0.,  ..., 0., 0., 0.],
         [0., 0., 0.,  ..., 0., 0., 0.]]])",painkillers from kitchen_counter to bathroom_cabinet,"Since conditioner from bathroom_cabinet to shower
Since facial_cleanser from bathroom_cabinet to shower
Since shampoo from bathroom_cabinet to shower
"
7,63,tensor([1010.]),"tensor([[[0., 0., 0.,  ..., 0., 0., 0.],
         [1., 0., 0.,  ..., 0., 0., 0.],
         [1., 0., 0.,  ..., 0., 0., 0.],
         ...,
         [0., 0., 0.,  ..., 0., 0., 0.],
         [0., 0., 0.,  ..., 0., 0., 0.],
         [0., 0., 0.,  ..., 0., 0., 0.]]])",vacuum_cleaner from bedroom to home_office,"Since vacuum_cleaner from kitchen_cabinet to bedroom
"
7,70,tensor([1080.]),"tensor([[[0., 0., 0.,  ..., 0., 0., 0.],
         [1., 0., 0.,  ..., 0., 0., 0.],
         [1., 0., 0.,  ..., 0., 0., 0.],
         ...,
         [0., 0., 0.,  ..., 0., 0., 0.],
         [0., 0., 0.,  ..., 0., 0., 0.],
         [0., 0., 0.,  ..., 0., 0., 0.]]])",chessboard from bookshelf to table,"Since milk from table to fridge
Since cutting_board from kitchen_counter to table
Since food_cheese from fridge to cutting_board
"
7,70,tensor([1080.]),"tensor([[[0., 0., 0.,  ..., 0., 0., 0.],
         [1., 0., 0.,  ..., 0., 0., 0.],
         [1., 0., 0.,  ..., 0., 0., 0.],
         ...,
         [0., 0., 0.,  ..., 0., 0., 0.],
         [0., 0., 0.,  ..., 0., 0., 0.],
         [0., 0., 0.,  ..., 0., 0., 0.]]])",deck_of_cards from bookshelf to table,"Since milk from table to fridge
Since vacuum_cleaner from home_office to kitchen_cabinet
Since cutting_board from kitchen_counter to table
Since food_cheese from fridge to cutting_board
"
7,77,tensor([1150.]),"tensor([[[0., 0., 0.,  ..., 0., 0., 0.],
         [1., 0., 0.,  ..., 0., 0., 0.],
         [1., 0., 0.,  ..., 0., 0., 0.],
         ...,
         [0., 0., 0.,  ..., 0., 0., 0.],
         [0., 0., 0.,  ..., 0., 0., 0.],
         [0., 0., 0.,  ..., 0., 0., 0.]]])",wine_glass from sink to cupboard,"Since wine_glass from table to sink
"
7,88,tensor([1260.]),"tensor([[[0., 0., 0.,  ..., 0., 0., 0.],
         [1., 0., 0.,  ..., 0., 0., 0.],
         [1., 0., 0.,  ..., 0., 0., 0.],
         ...,
         [0., 0., 0.,  ..., 0., 0., 0.],
         [0., 0., 0.,  ..., 0., 0., 0.],
         [0., 0., 0.,  ..., 0., 0., 0.]]])",cookingpot from cupboard to kitchen_counter,"Since plate from cupboard to kitchen_counter
"
7,88,tensor([1260.]),"tensor([[[0., 0., 0.,  ..., 0., 0., 0.],
         [1., 0., 0.,  ..., 0., 0., 0.],
         [1., 0., 0.,  ..., 0., 0., 0.],
         ...,
         [0., 0., 0.,  ..., 0., 0., 0.],
         [0., 0., 0.,  ..., 0., 0., 0.],
         [0., 0., 0.,  ..., 0., 0., 0.]]])",food_rice from cupboard to kitchen_counter,"Since plate from cupboard to kitchen_counter
"
7,88,tensor([1260.]),"tensor([[[0., 0., 0.,  ..., 0., 0., 0.],
         [1., 0., 0.,  ..., 0., 0., 0.],
         [1., 0., 0.,  ..., 0., 0., 0.],
         ...,
         [0., 0., 0.,  ..., 0., 0., 0.],
         [0., 0., 0.,  ..., 0., 0., 0.],
         [0., 0., 0.,  ..., 0., 0., 0.]]])",oil from cupboard to kitchen_counter,"Since plate from cupboard to kitchen_counter
"
7,89,tensor([1270.]),"tensor([[[0., 0., 0.,  ..., 0., 0., 0.],
         [1., 0., 0.,  ..., 0., 0., 0.],
         [1., 0., 0.,  ..., 0., 0., 0.],
         ...,
         [0., 0., 0.,  ..., 0., 0., 0.],
         [0., 0., 0.,  ..., 0., 0., 0.],
         [0., 0., 0.,  ..., 0., 0., 0.]]])",food_rice from kitchen_counter to cookingpot,"Since cookingpot from cupboard to kitchen_counter
"
7,89,tensor([1270.]),"tensor([[[0., 0., 0.,  ..., 0., 0., 0.],
         [1., 0., 0.,  ..., 0., 0., 0.],
         [1., 0., 0.,  ..., 0., 0., 0.],
         ...,
         [0., 0., 0.,  ..., 0., 0., 0.],
         [0., 0., 0.,  ..., 0., 0., 0.],
         [0., 0., 0.,  ..., 0., 0., 0.]]])",food_vegetable from kitchen_counter to cookingpot,"Since cookingpot from cupboard to kitchen_counter
Since food_rice from cupboard to kitchen_counter
"
7,89,tensor([1270.]),"tensor([[[0., 0., 0.,  ..., 0., 0., 0.],
         [1., 0., 0.,  ..., 0., 0., 0.],
         [1., 0., 0.,  ..., 0., 0., 0.],
         ...,
         [0., 0., 0.,  ..., 0., 0., 0.],
         [0., 0., 0.,  ..., 0., 0., 0.],
         [0., 0., 0.,  ..., 0., 0., 0.]]])",oil from kitchen_counter to cookingpot,
7,90,tensor([1280.]),"tensor([[[0., 0., 0.,  ..., 0., 0., 0.],
         [1., 0., 0.,  ..., 0., 0., 0.],
         [1., 0., 0.,  ..., 0., 0., 0.],
         ...,
         [0., 0., 0.,  ..., 0., 0., 0.],
         [0., 0., 0.,  ..., 0., 0., 0.],
         [0., 0., 0.,  ..., 0., 0., 0.]]])",cookingpot from kitchen_counter to stove,"Since food_cereal from table to cupboard
Since cutting_board from kitchen_counter to table
Since cookingpot from cupboard to kitchen_counter
"
7,90,tensor([1280.]),"tensor([[[0., 0., 0.,  ..., 0., 0., 0.],
         [1., 0., 0.,  ..., 0., 0., 0.],
         [1., 0., 0.,  ..., 0., 0., 0.],
         ...,
         [0., 0., 0.,  ..., 0., 0., 0.],
         [0., 0., 0.,  ..., 0., 0., 0.],
         [0., 0., 0.,  ..., 0., 0., 0.]]])",plate from kitchen_counter to table,"Since plate from cupboard to kitchen_counter
Since food_vegetable from kitchen_counter to cookingpot
Since oil from kitchen_counter to cookingpot
"
7,90,tensor([1280.]),"tensor([[[0., 0., 0.,  ..., 0., 0., 0.],
         [1., 0., 0.,  ..., 0., 0., 0.],
         [1., 0., 0.,  ..., 0., 0., 0.],
         ...,
         [0., 0., 0.,  ..., 0., 0., 0.],
         [0., 0., 0.,  ..., 0., 0., 0.],
         [0., 0., 0.,  ..., 0., 0., 0.]]])",spoon from cupboard to cookingpot,"Since spoon from sink to cupboard
Since vacuum_cleaner from home_office to kitchen_cabinet
Since cookingpot from cupboard to kitchen_counter
Since food_rice from kitchen_counter to cookingpot
Since oil from kitchen_counter to cookingpot
"
7,91,tensor([1290.]),"tensor([[[0., 0., 0.,  ..., 0., 0., 0.],
         [1., 0., 0.,  ..., 0., 0., 0.],
         [1., 0., 0.,  ..., 0., 0., 0.],
         ...,
         [0., 0., 0.,  ..., 0., 0., 0.],
         [0., 0., 0.,  ..., 0., 0., 0.],
         [0., 0., 0.,  ..., 0., 0., 0.]]])",plate from table to sink,"Since spoon from cupboard to plate
Since cutting_board from kitchen_counter to table
Since wine_glass from sink to cupboard
"
7,92,tensor([1300.]),"tensor([[[0., 0., 0.,  ..., 0., 0., 0.],
         [1., 0., 0.,  ..., 0., 0., 0.],
         [1., 0., 0.,  ..., 0., 0., 0.],
         ...,
         [0., 0., 0.,  ..., 0., 0., 0.],
         [0., 0., 0.,  ..., 0., 0., 0.],
         [0., 0., 0.,  ..., 0., 0., 0.]]])",cookingpot from table to sink,"Since food_cereal from table to cupboard
Since spoon from cupboard to plate
"
7,92,tensor([1300.]),"tensor([[[0., 0., 0.,  ..., 0., 0., 0.],
         [1., 0., 0.,  ..., 0., 0., 0.],
         [1., 0., 0.,  ..., 0., 0., 0.],
         ...,
         [0., 0., 0.,  ..., 0., 0., 0.],
         [0., 0., 0.,  ..., 0., 0., 0.],
         [0., 0., 0.,  ..., 0., 0., 0.]]])",spoon from plate to sink,"Since spoon from cupboard to plate
Since plate from table to sink
"
7,97,tensor([1350.]),"tensor([[[0., 0., 0.,  ..., 0., 0., 0.],
         [1., 0., 0.,  ..., 0., 0., 0.],
         [1., 0., 0.,  ..., 0., 0., 0.],
         ...,
         [0., 0., 0.,  ..., 0., 0., 0.],
         [0., 0., 0.,  ..., 0., 0., 0.],
         [0., 0., 0.,  ..., 0., 0., 0.]]])",cookingpot from sink to cupboard,"Since plate from sink to cupboard
Since cookingpot from table to sink
"
